Question	Answer	Basic Solution	Short Solution/Trick	Target Time	Tags
ABCD is a square, E & F are mid-point of BC and CD. What is the ratio of ∆AEF to that of square ABCD				40	Source::AbhasSaini 5. Mathematics::Mensuration
If ABC is an Equilateral Triangle, R and Q are mid points of AB and AC respectively. AP and RQ intersect at S. Find AS/AP ?				40	Source::AbhasSaini 5. Mathematics::Mensuration
If ABC is a Triangle, R and Q are the mid points of AB and AC respectively. Find the ratio of Shaded area to the Area of Complete triangle ?				40	Source::AbhasSaini 5. Mathematics::Mensuration
ABC is a Triangle, AE/EB = AD/DC = 1/3, DE || BC, FIND SHADED AREA TO AREA OF TRIANGLE ?				40	Source::AbhasSaini 5. Mathematics::Mensuration
If AR/RB = 4/5 and AQ/QC = 1/1 find the Area of Green portion to Area of Pink portion?				40	Source::AbhasSaini 5. Mathematics::Mensuration
ABCD and PBQO are Squares, Q and P are mid points of BC and AB respectively ? Find the ratio of Shaded area to Area of Square?				40	Source::AbhasSaini 5. Mathematics::Mensuration
ABCD is a Square, CR/DR=BQ/CQ=AP/PB=DS/AS=1/2. Find Shaded Area to Area of complete Square?				40	Source::AbhasSaini 5. Mathematics::Mensuration
ABCD is a Square, PQD is an Equilateral Triangle, find ratio of Green area to the Pink area?				40	Source::AbhasSaini 5. Mathematics::Mensuration
ABCD is a Square, DPQ is a triangle. If Area of ∆APD = 20cm² Area of ∆CQD = 25 cm² Area of ∆BPQ = 15cm² FIND Area of ∆DPQ?				40	Source::AbhasSaini 5. Mathematics::Mensuration
In ∆ ∆ABC, AE/EB = FC/AF =1/2 and ED = FD. Find the ratio of area of shaded to total area of triangle?				40	Source::AbhasSaini 5. Mathematics::Mensuration
In the given figure, BC= 6 cm , BD = 6√3 Find shared area?				40	Source::AbhasSaini 5. Mathematics::Mensuration
ABC is a right angle triangle. <B=90°. AB=12cm and AC= 15cm. A square is inscribed in the triangle. One of the vertices of square coincides with the vertex of triangle. What is the maximum possible area (in cm²) of the square?				40	Source::AbhasSaini 5. Mathematics::Mensuration
In the given figure ∆ ABC is drawn such that AB is tangent to a circle at A whose radius is 10cm and BC passes through center. Point C lies on the circle. If BC=36cm and AB=24cm ,Then what is the area (in cm²) of ∆ ABC?				40	Source::AbhasSaini 5. Mathematics::Mensuration
In the trapezium ABCD, AB//CD and the area of ABC and area of ACD is 30sq. cm and 20sq. cm respectively. If the diagonal of trapezium ABCD intersects at point O, then what is the area ( in sq. cm ) of ∆AOB?<br><br>12<br>16<br>18<br>20				40	Source::AbhasSaini 5. Mathematics::Mensuration
ABCD is a //gm. Area of EBF=4cm². Area of AEFD=11cm² then find the ratio of AE:EB ?				40	Source::AbhasSaini 5. Mathematics::Mensuration
ABCD is a rectangle, Area of Triangle ABF = 6 unit, Area of Triangle BFE = 4 unit, Find Area of Quadrilateral FECD ?				40	Source::AbhasSaini 5. Mathematics::Mensuration
In the following fig. AO=OB and OB=R cm. . O is the center of the largest semicircle. What is the area of the shaded region?				40	Source::AbhasSaini 5. Mathematics::Mensuration
In the given fig. AB, BC, CD, DE and AE are semicircles CE= R cm and AB=BC=CD=DE. What is the area (in cm²) of the shaded region?				40	Source::AbhasSaini 5. Mathematics::Mensuration
ABCD passes through the center of three circles as shown in the figure. AB=2 and CD=1. If the area of middle circle is the average of the area of other two circles then what is the length (in cm) of BC?				40	Source::AbhasSaini 5. Mathematics::Mensuration
In ∆ABC, BC=20cm, AE=5 cm, ∠ADC=60°, find the area of shaded region?				40	Source::AbhasSaini 5. Mathematics::Mensuration
Find area of the shaded region? If diagonal of the square ABCD is √2a.				40	Source::AbhasSaini 5. Mathematics::Mensuration
In the given figure, 3 semicircles are drawn on three sides of triangle ABC. AB=21cm , BC=28cm and AC=35cm. What is the area ( in cm²) of the shaded part?				40	Source::AbhasSaini 5. Mathematics::Mensuration
In the given figure, ABCD is a square of side 14cm cm. E and F are mid points of sides AB and DC respectively. EPF is a semicircle whose diameter EF, LMNO is a square. What is the area (in cm²) of the shaded region?				40	Source::AbhasSaini 5. Mathematics::Mensuration
In the given figure, E and F are the centres of two identical circles. What is the ratio of area of triangle AOB to the area of triangle DOC?				40	Source::AbhasSaini 5. Mathematics::Mensuration
In the given figure, PQRS is a square whose side is 8cm. PQS and QPR are two quadrants. A circle is placed touching both the quadrants and the square as shown in the figure. What is the area ( in cm ) of the circle?				40	Source::AbhasSaini 5. Mathematics::Mensuration
Find the area of the path of width 1.5m around a rectangular field of dimension 45m x 30m?				40	Source::AbhasSaini 5. Mathematics::Mensuration
The diagram given below shows paths drawn inside a rectangular field 50m long and 35m wide. The width of each path is 5 metres. Find the area of the shaded portion.				40	Source::AbhasSaini 5. Mathematics::Mensuration
The given figure shows two paths drawn inside a rectangular field which is 80 m long and 45 m wide. The widths of the two paths are 8 m and 15 m as shown. Find the area of the shaded portion.				40	Source::AbhasSaini 5. Mathematics::Mensuration
PQRS is a circle and circles are drawn with PO, QO, RO and SO as diameters. Areas A and B are marked. A/B is equal to:<br><br>a) π<br>b) 1<br>c) π/4<br>d) 2				40	Source::AbhasSaini 5. Mathematics::Mensuration
Find Shaded Area , if OAB is a Quadrant of a Circle Of Radius 2a?				40	Source::AbhasSaini 5. Mathematics::Mensuration
Find Shaded Area , if OAB is a Quadrant of a Circle Of Radius 4a?				40	Source::AbhasSaini 5. Mathematics::Mensuration
If each edge of a cube is increased by 20%, then the percentage increase in its surface area is ?<br><br>(a) 44%<br>(b) 42%<br>(c) 45%<br>(d) 21%				40	Source::AbhasSaini 5. Mathematics::Mensuration
If total surface area of a cube 1176 cm² then find volume of cube ?<br><br>(a) 2744 cm³<br>(b) 4096 cm³<br>(c) 2352 cm³<br>(d) 2730 cm³				40	Source::AbhasSaini 5. Mathematics::Mensuration
The length of the longest diagonal of a cube is 5√3 cm. Find the volume (in cm³).<br><br>(a) 125√3<br>(b) 25√3<br>(c) 125<br>(d) 175				40	Source::AbhasSaini 5. Mathematics::Mensuration
The total surface area of a cube is 2904 cm². What is the volume of this cube ?<br><br>(a) 11748 cm³<br>(b) 10848 cm³<br>(c) 10748 cm³<br>(d) 10648 cm³				40	Source::AbhasSaini 5. Mathematics::Mensuration
The ratio of the total surface area of the cubes is 49:121. What is the ratio of their volumes ?<br><br>(a) 49:121<br>(b) 343:1331<br>(c) 343:121<br>(d) 729:343				40	Source::AbhasSaini 5. Mathematics::Mensuration
A solid cube, whose each edge of length 45 cm, is melted. Identical solid cubes, each of volume 125 cm³, are made out of this molten cube, without any wastage. How many such small cubes are obtained ?<br><br>(a) 739<br>(b) 729<br>(c) 718<br>(d) 728				40	Source::AbhasSaini 5. Mathematics::Mensuration
Three cubes with sides in the ratio 3:4:5 are melted to form a cube whose diagonal is 24√3 cm. The side of the three cubes are ?<br><br>(a) 9 cm, 12 cm and 15 cm<br>(b) 21 cm, 28 cm and 35 cm<br>(c) 12 cm, 16 cm and 20 cm<br>(d) 18 cm, 24 cm and 30 cm				40	Source::AbhasSaini 5. Mathematics::Mensuration
A metal cube of edge 12 cm is melted to form three smaller cubes, which are unequal in dimensions. If the edges of two smaller cubes are 6 cm and 10 cm, what is the surface area in (cm²) of the third smaller cube ?<br><br>(a) 384<br>(b) 864<br>(c) 328<br>(d) 486				40	Source::AbhasSaini 5. Mathematics::Mensuration
A solid cube of side 16 cm is dropped into a rectangular container of length 32 cm, breadth 16 cm and height 30 cm which is partly filled with water. If the cube is completely submerged, then the rise of water level (in cm) is ?<br><br>(a) 12<br>(b) 4<br>(c) 10<br>(d) 8				40	Source::AbhasSaini 5. Mathematics::Mensuration
Three cubes of equal volume are joined end to end. Find the surface area of the resulting cuboid if the diagonal of the cube is 8√3 cm ?<br><br>(a) 896 cm²<br>(b) 512 cm²<br>(c) 728 cm²<br>(d) 576 cm²				40	Source::AbhasSaini 5. Mathematics::Mensuration
A solid metallic cube of side 8 cm and a solid metallic cuboid having dimensions 8 cm, 8 cm and 19 cm are melted to form a single cube. How much (in ₹) is the cost to polish the new cube at a rate of ₹10 per cm² ?<br><br>(a) ₹8640<br>(b) ₹8200<br>(c) ₹8460<br>(d) ₹8850				40	Source::AbhasSaini 5. Mathematics::Mensuration
731 metallic cubes with a side length of 3.6 cm are available to be melted and formed into a machine part consisting of two solid cones with a base radius of 5.4 cm, joined at their bases. The heights of the cones are 49 cm and 35 cm, respectively. How many cubes will be surplus after the formation of the two cones? (Take π = 3.14) 3.6 cm भुजा वाले731 धातुघन उपलब्ध हैं। इन्हें पपघलाकर दो ठोस शंकु ओंसेबनी मशीन का एक भाग बनाया जाता है, पजनकी आधार पिज्या 5.4 cm हैऔर दोनो ंअपनेआधारो ंपर जुडेहैं। दोनो ंशंकु ओंकी ऊँ चाइयाँक्रमशः 49 cm और 35 cm हैं। दो शंकु ओंके पनमााण केबाद पकतनेघन शेष बचेंगे? (π = 3.14 लें)<br><br>(a) 666<br>(b) 680<br>(c) 676<br>(d) 668				40	Source::AbhasSaini 5. Mathematics::Mensuration
A cube of side 10 cm is assembled using 125 cubes of edge 2 cm. One cube is removed from the center of each of the face of the cube. What is the surface area of (in cm²) the remaining solid ? 10 cm भुजा वाला एक घन, 2 cm भुजा वाले125 छोटे घनो ंसेबनाया गया है। घन केप्रत्येक फलक केकें द्र से एक छोटा घन पनकाल पदया जाता है। शेष ठोस का पृष्ठीय क्षेिफल (cm² में) क्या होगा?<br><br>(a) 696<br>(b) 574<br>(c) 620<br>(d) 644				40	Source::AbhasSaini 5. Mathematics::Mensuration
From the body of a solid cube of edge 7 cm, a solid sphere is removed. The volume of the remaining solid was found to be 163⅓ cm³. What is the diameter (in cm) of the sphere ? (Take π = 22/7) 7 cm भुजा वालेएक ठोस घन मेंसेएक ठोस गोला काटकर पनकाल पदया गया। शेष ठोस का आयतन 163⅓ cm³ है। गोलेका व्यास (cm में) क्या होगा? (π = 22/7 लें)<br><br>(a) 10<br>(b) 7<br>(c) 5<br>(d) 8				40	Source::AbhasSaini 5. Mathematics::Mensuration
A string when wound on the exterior four walls of a cube of side a cm starting at point C and ending at point d. Find the length of string in cm ? a cm भुजा वालेएक घन की बाहरी चार दीवारो ंपर एक धागा पबंदुC सेशुरू होकर पबंदुd तक लपेटा जाता है। धागेकी लंबाई (cm में) ज्ञात कीपजए।<br><br>(a) a√19<br>(b) a√26<br>(c) a√17<br>(d) a√13				40	Source::AbhasSaini 5. Mathematics::Mensuration
A solid cube of volume 17576 cm³ is cut into 8 cube of equal volumes. The ratio of the surface area of the original cube to the sum of the surface areas of three of the smaller cubes is ? 17576 cm³ आयतन वालेएक ठोस घन को 8 बराबर आयतन वालेछोटेघनो ंमेंकाटा जाता है। मूल घन के पृष्ठीय क्षेिफल और उन छोटेघनो ंमेंसेतीन केकु ल पृष्ठीय क्षेिफल का अनुपात क्या होगा?<br><br>(a) 8:3<br>(b) 2:1<br>(c) 2:3<br>(d) 4:3				40	Source::AbhasSaini 5. Mathematics::Mensuration
A solid cube is cut into three cuboids of same volumes. What is the ratio of the surface area of the cube to the sum of the surface areas of any two of the cuboids so formed ? एक ठोस घन को समान आयतन वालेतीन घनाभो ंमें काटा जाता है। मूल घन केपृष्ठीय क्षेिफल और बनेहुए पकसी भी दो घनाभो ंकेपृष्ठीय क्षेिफलो ंकेयोग का अनुपात क्या होगा?<br><br>(a) 27:10<br>(b) 9:8<br>(c) 27:16<br>(d) 9:10				40	Source::AbhasSaini 5. Mathematics::Mensuration
A solid cube has side 6 cm. It is cut along diagonals of top face to get 4 equal parts. What is the total surface area (in cm²) of each part ? 6 cm भुजा वालेएक ठोस घन को उसकेऊपरी फलक के पवकणों केअनुसार काटकर 4 बराबर भाग बनाए जातेहैं। प्रत्येक भाग का कु ल पृष्ठीय क्षेिफल (cm² में) क्या होगा?<br><br>(a) 54+36√2<br>(b) 54+64√2<br>(c) 54+48√2<br>(d) 54+42√2				40	Source::AbhasSaini 5. Mathematics::Mensuration
Find the volume of the largest sphere that can be carved out of a cube of side 21 cm. 21 cm भुजा वालेघन मेंसेपनकालेजा सकनेवालेसबसे बडेगोलेका आयतन ज्ञात कीपजए।<br><br>(a) 4851 cm³<br>(b) 4158 cm³<br>(c) 5841 cm³<br>(d) 8514 cm³				40	Source::AbhasSaini 5. Mathematics::Mensuration
A cube is placed inside a cone of radius 20 cm and height 10 cm, one of its face being on the base of the cone and vertices of opposite face touching the cone. What is the length (in cm) of side of the cube ? 20 cm पिज्या और 10 cm ऊँ चाई वालेएक शंकुकेभीतर एक घन रखा जाता है, पजसका एक फलक शंकुके आधार पर हैऔर पवपरीत फलक केशीषाशंकुको स्पशा करतेहैं। घन की भुजा की लंबाई (cm में) क्या होगी?<br><br>(a) 5<br>(b) 6<br>(c) 8<br>(d) 9				40	Source::AbhasSaini 5. Mathematics::Mensuration
A right circular cylinder of maximum volume is cut out from a solid wooden cube. The material left is what percent of the volume (nearest to an integer) of the original cube ? एक ठोस लकडी केघन मेंसेअपधकतम आयतन वाला एक समवृत्त बेलन काटा जाता है। बचा हुआ पदाथामूल घन केआयतन का पकतनेप्रपतशत (पनकटतम पूणाांक तक) है?<br><br>(a) 21<br>(b) 28<br>(c) 19<br>(d) 23				40	Source::AbhasSaini 5. Mathematics::Mensuration
When length of the cuboid is increased by 20%, the breadth of the cuboid is increased by 40% and the height is decreases by 10%, the volume of the cuboid is increased by ? जब पकसी घनाभ की लंबाई 20% बढाई जाती है, चौडाई 40% बढाई जाती हैऔर ऊँ चाई 10% घटाई जाती है, तो उसकेआयतन मेंपकतनेप्रपतशत वृद्धि होती है?<br><br>(a) 51.2%<br>(b) 50%<br>(c) 63.4%<br>(d) 65.8%				40	Source::AbhasSaini 5. Mathematics::Mensuration
If the length, breadth and height of a cuboid are 7.5 m, 11 m and 18 m respectively. Then find the volume of the cuboid ? यपद पकसी घनाभ की लंबाई, चौडाई और ऊँ चाई क्रमशः 7.5 m, 11 m और 18 m हो, तो घनाभ का आयतन ज्ञात कीपजए।<br><br>(a) 1475 m³<br>(b) 1485 m³<br>(c) 1525 m³<br>(d) 1454 m³				40	Source::AbhasSaini 5. Mathematics::Mensuration
A rectangular parallelepiped has dimensions 4 cm × 3 cm × 2 cm. Find its total surface area. एक आयताकार समांतर चतुभुाजाकार ठोस (घनाभ) के आयाम 4 cm × 3 cm × 2 cm हैं। इसका कु ल पृष्ठीय क्षेिफल ज्ञात कीपजए।<br><br>(a) 48 cm²<br>(b) 52 cm²<br>(c) 54 cm²<br>(d) 56 cm²				40	Source::AbhasSaini 5. Mathematics::Mensuration
Find the length of longest pole that can be placed in a room 30 m long, 24 m broad, 18 m high ? 30 m लंबाई, 24 m चौडाई और 18 m ऊँ चाई वालेकमरे मेंरखी जा सकनेवाली सबसेलंबी छड की लंबाई ज्ञात कीपजए।<br><br>(a) 30<br>(b) 30√2<br>(c) 30√3<br>(d) 25				40	Source::AbhasSaini 5. Mathematics::Mensuration
The length, breadth and height of a cuboid are in the ratio 5:4:3. If its total surface area is 846 cm², then its volume is ? पकसी घनाभ की लंबाई, चौडाई और ऊँ चाई का अनुपात 5:4:3 है। यपद उसका कु ल पृष्ठीय क्षेिफल 846 cm² है, तो उसका आयतन क्या होगा?<br><br>(a) 1620<br>(b) 1200<br>(c) 1850<br>(d) 1660				40	Source::AbhasSaini 5. Mathematics::Mensuration
The volume of a cuboid is 5400 cm³. The sum of length and breadth of the cuboid is 30 cm. If the difference between the length and breadth of the cuboid is 6 cm. Then find the height of the cuboid ? एक घनाभ का आयतन 5400 cm³ है। उसकी लंबाई और चौडाई का योग 30 cm है। यपद लंबाई और चौडाई का अंतर 6 cm है, तो घनाभ की ऊँ चाई ज्ञात कीपजए।<br><br>(a) 25 cm<br>(b) 20 cm<br>(c) 30 cm<br>(d) 24 cm				40	Source::AbhasSaini 5. Mathematics::Mensuration
How many bricks each measuring 64 cm × 15 cm × 37 cm will be needed to build a wall measuring 6 m × 5 m × 18.5 m ? 64 cm × 15 cm × 37 cm आकार की पकतनी ईटं ें 6 m × 5 m × 18.5 m माप की दीवार बनानेके पलए चापहए हो ंगी?<br><br>(a) 20000<br>(b) 15625<br>(c) 67500<br>(d) 12500				40	Source::AbhasSaini 5. Mathematics::Mensuration
A 12 m deep well with radius 3.5 m is dug and the earth taken out from it is spread evenly to form a platform of breadth 1.5 m and height 22 m. What will be the length of the platform ? (Take π = 22/7) 3.5 m पिज्या और 12 m गहराई वाला एक कु आँखोदा जाता है। पनकाली गई पमट्टी को समान रूप सेफै लाकर 1.5 m चौडाई और 22 m ऊँ चाई का एक प्लेटफॉमा बनाया जाता है। प्लेटफॉमाकी लंबाई क्या होगी? (π = 22/7 लें)<br><br>(a) 13 m<br>(b) 16 m<br>(c) 12 m<br>(d) 14 m				40	Source::AbhasSaini 5. Mathematics::Mensuration
The length, breadth and height of a rectangular parallelopiped are in ratio 6:3:1. If the surface area of a cube is equal to the surface area of this parallelopiped, then what is the ratio of the volume of the cube to the volume of the parallelopiped ? एक आयताकार समांतर चतुभुाजाकार ठोस की लंबाई, चौडाई और ऊँ चाई का अनुपात 6:3:1 है। यपद पकसी घन का पृष्ठीय क्षेिफल इस ठोस केपृष्ठीय क्षेिफल केबराबर है, तो घन केआयतन और इस ठोस केआयतन का अनुपात क्या होगा?<br><br>(a) 1:1<br>(b) 5:4<br>(c) 7:5<br>(d) 3:2				40	Source::AbhasSaini 5. Mathematics::Mensuration
A rectangular parallelepiped tank has dimensions 4 m × 3 m × 2.5 m. If it is filled with water and the cost of water is ₹25 per 1000 liters, what is the total cost to fill the tank ? (1 m³ = 1000 liters) एक आयताकार घनाभाकार टैंक केआयाम 4 m × 3 m × 2.5 m हैं। यपद इसेपानी सेभरा जाए और पानी की कीमत ₹25 प्रपत 1000 लीटर हो, तो टैंक भरनेकी कु ल लागत क्या होगी? (1 m³ = 1000 liters)<br><br>(a) ₹675<br>(b) ₹700<br>(c) ₹750<br>(d) ₹825				40	Source::AbhasSaini 5. Mathematics::Mensuration
The sum of the lengths of all edges of a rectangular parallelepiped is 144 cm. If its length, breadth and height are in the ratio 3:2:1, what is its volume ? एक घनाभ की सभी धाराओंकी लंबाइयो ंका योग 144 cm है। यपद उसकी लंबाई, चौडाई और ऊँ चाई का अनुपात 3:2:1 है, तो उसका आयतन क्या होगा?<br><br>(a) 2880 cm³<br>(b) 2160 cm³<br>(c) 1296 cm³<br>(d) 3240 cm³				40	Source::AbhasSaini 5. Mathematics::Mensuration
A tank is in the form of a cuboid with length 16 m. If 24 kilolitre of water is removed from it, the water level goes down by 50 cm. What is the width (in m) of the tank ? एक टैंक घनाभ केआकार का हैपजसकी लंबाई 16 m है। यपद इसमेंसे24 पकलोलीटर पानी पनकाल पदया जाए, तो पानी का स्तर 50 cm नीचेचला जाता है। टैंक की चौडाई (m में) क्या है?<br><br>(a) 5<br>(b) 4<br>(c) 3<br>(d) 2.5				40	Source::AbhasSaini 5. Mathematics::Mensuration
A cuboid with sides 12 cm, 36 cm, and 32 cm is melted to form a cube. What is the ratio of the total surface area of the cuboid to the total surface area of the cube ? 12 cm, 36 cm और 32 cm आयाम वालेएक घनाभ को पपघलाकर एक घन बनाया जाता है। घनाभ केकु ल पृष्ठीय क्षेिफल और घन केकु ल पृष्ठीय क्षेिफल का अनुपात क्या होगा?<br><br>(a) 41:36<br>(b) 36:41<br>(c) 38:36<br>(d) 34:38				40	Source::AbhasSaini 5. Mathematics::Mensuration
The areas of three adjacent faces of a cuboidal solid block of wax are 216 cm², 96 cm² and 144 cm². It is melted and 8 cubes of the same size are formed from it. What is the lateral surface area (in cm²) of 8 such cubes ? मोम केएक ठोस घनाभ की तीन सपिकट फलको ंके क्षेिफल 216 cm², 96 cm² और 144 cm² हैं। इसे पपघलाकर समान आकार के 8 घन बनाए जातेहैं। इन 8 घनो ंका पार्श्ापृष्ठीय क्षेिफल (cm² में) क्या होगा?<br><br>(a) 720<br>(b)1152<br>(c) 576<br>(d) 640				40	Source::AbhasSaini 5. Mathematics::Mensuration
A packaging company requires cardboard for two sizes of rectangular boxes. The larger box measures 30 cm × 25 cm × 10 cm, and the smaller one measures 18 cm × 12 cm × 10 cm. An additional 6% of the total surface area is needed for overlaps. If cardboard costs ₹45 per 10,000 cm², calculate the total cost (in ₹, rounded off to the nearest hundreds) of cardboard needed to produce 400 big boxes and 500 small boxes. एक पैके पजंग कं पनी को दो आकार केआयताकार बॉक्स के पलए काडाबोडाचापहए। बडा बॉक्स 30 cm × 25 cm × 10 cm हैऔर छोटा बॉक्स 18 cm × 12 cm × 10 cm है। ओवरलैप के पलए कु ल पृष्ठीय क्षेिफल का 6% अपतररक्त चापहए। यपद काडाबोडाकी कीमत ₹45 प्रपत 10,000 cm² है, तो 400 बडेऔर 500 छोटेबॉक्स बनाने के पलए कु ल लागत (₹ में, पनकटतम सैकडेतक) ज्ञात कीपजए।<br><br>(a) 7,500<br>(b) 7,400<br>(c) 7,200<br>(d) 7,600				40	Source::AbhasSaini 5. Mathematics::Mensuration
From a rectangle sheet of dimensions 36 cm × 16 cm, a square of side 4 cm is cut from the four corners of the sheet and a box is made. The volume of the box is ? 36 cm × 16 cm केआयताकार काडासेचारो ंकोनो ंपर 4 cm भुजा वालेवगाकाटकर एक पडब्बा बनाया जाता है। उस पडब्बेका आयतन क्या होगा?<br><br>(a) 946 cm³<br>(b) 896 cm³<br>(c) 936 cm³<br>(d) 836 cm³				40	Source::AbhasSaini 5. Mathematics::Mensuration
A cuboid has dimensions 12 cm × 10 cm × 16 cm. It is melt into small cubes of side 4 cm. What is the percentage increase in the total surface area (approx) ? एक घनाभ केआयाम 12 cm × 10 cm × 16 cm हैं। इसे4 cm भुजा वालेछोटेघनो ोंमेंपिघलना है। कु ल िृष्ठीय क्षेत्रफल मेंलगभग पकतनेप्रपतशत वृद्धि होगी?<br><br>(a) 205%<br>(b) 128%<br>(c) 150%<br>(d) 132%				40	Source::AbhasSaini 5. Mathematics::Mensuration
A rectangular water tank has a length of 4 m, width of 3 m, and depth of 2.5 m. It is filled halfway with water. The water is then transferred into cylindrical drums, each with a radius of 0.5 m and a height of 1 m. How many cylindrical drums are needed to hold the water ? Round your answer to the nearest whole number. (use π = 3.14) एक आयताकार िानी की टोंकी की लोंबाई 4 m, चौडाई 3 m और गहराई 2.5 m है। यह आधी िानी सेभरी है। इस िानी को 0.5 m पत्रज्या और 1 m ऊँ चाई वालेबेलनाकार डर मो ोंमेंभरा जाता है। िानी रखनेके पलए पकतनेडर मो ों की आवश्यकता होगी? उत्तर को पनकटतम िूर्ाांक तक पलद्धखए। (π = 3.14 लें)<br><br>(a) 25<br>(b) 28<br>(c) 20<br>(d) 10				40	Source::AbhasSaini 5. Mathematics::Mensuration
A large wooden box, open at the top, needs to be lined with fabric on its inner floor and inner four side walls. The inner dimensions of the box are 2.5 m length, 1.8 m wide, and 1.2 m high. If the fabric comes in square pieces of side 50 cm, and 15% extra fabric is needed for cuts and overlaps, how many approximate fabric pieces should be purchased ? ऊिर सेखुला एक बडा लकडी का बॉक्स है, पजसके अोंदर केफशशऔर चारो ोंअोंदरूनी दीवारो ोंिर किडा लगाना है। बॉक्स केअोंदरूनी आयाम 2.5 m लोंबाई, 1.8 m चौडाई और 1.2 m ऊँ चाई हैं। यपद किडा 50 cm भुजा वालेवगाशकार टुकडो ोंमेंपमलता हैऔर कपटोंग व ओवरलैि के पलए 15% अपतररक्त किडा चापहए, तो लगभग पकतनेकिडेकेटुकडेखरीदेजानेचापहए?<br><br>(a) 59<br>(b) 62<br>(c) 69<br>(d) 72				40	Source::AbhasSaini 5. Mathematics::Mensuration
A rectangular field is 40 m long and 14 m broad. In one corner of it, a pit 12 m long, 6 m wide and 5 m deep has been evenly spread over the remaining part of the field. Find the rise in level of the field ? एक आयताकार खेत 40 m लोंबा और 14 m चौडा है। उसकेएक कोनेमें12 m लोंबा, 6 m चौडा और 5 m गहरा गड्ढा खोदा गया। पनकाली गई पमट्टी को खेत केशेष भाग िर समान रूि सेफै ला पदया गया। खेत की सतह पकतनी ऊँ ची उठे गी?<br><br>(a) 73.77 cm<br>(b) 72.12 cm<br>(c) 70 cm<br>(d) 75 cm				40	Source::AbhasSaini 5. Mathematics::Mensuration
A rectangular fish tank with a base of 100 cm × 50 cm contains water up to a height of 20 cm. If 5 identical spherical stones, each with a radius of 5 cm, are dropped into the tank and fully submerged, what is the rise in the water level ? 100 cm × 50 cm आधार वालेएक आयताकार पफश टैंक में20 cm ऊँ चाई तक िानी भरा है। यपद 5 समान गोलाकार ित्थर, पजनमेंप्रत्येक की पत्रज्या 5 cm है, टैंक मेंडालकर िूरी तरह डुबो पदए जाएँ, तो िानी का स्तर पकतना बढेगा?<br><br>(a) π/6<br>(b) π/3<br>(c) π/5<br>(d) π/10				40	Source::AbhasSaini 5. Mathematics::Mensuration
Identical cubes of largest possible size are cut from a solid cuboid of size 52 cm × 26 cm × 13 cm. What is the total surface area (in cm²) of all the small cubes together ? 52 cm × 26 cm × 13 cm आकार केएक ठोस घनाभ से अपधकतम सोंभव आकार केसमान घन काटेजातेहैं। सभी छोटेघनो ोंका कु ल िृष्ठीय क्षेत्रफल (cm² में) क्या होगा?<br><br>(a) 8542<br>(b) 8112<br>(c) 8280<br>(d) 8440				40	Source::AbhasSaini 5. Mathematics::Mensuration
A cuboid of size 60 cm × 40 cm × 20 cm is cut into 8 identical parts by 3 cuts. What is the total surface area (in cm²) of all the 8 parts ? 60 cm × 40 cm × 20 cm केएक घनाभ को 3 कट लगाकर 8 समान भागो ोंमेंकाटा जाता है। सभी 8 भागो ों का कु ल िृष्ठीय क्षेत्रफल (cm² में) क्या होगा?<br><br>(a) 17400<br>(b) 17600<br>(c) 18600<br>(d) 17800				40	Source::AbhasSaini 5. Mathematics::Mensuration
A cuboid has dimensions 10 cm, 8 cm and 6 cm. If the largest possible cube is cut from one of the corners of cuboid, what is the total surface area of the remaining portion ? एक घनाभ केआयाम 10 cm, 8 cm और 6 cm हैं। यपद उसकेएक कोनेसेअपधकतम सोंभव आकार का घन काटकर पनकाल पदया जाए, तो शेष भाग का कु ल िृष्ठीय क्षेत्रफल क्या होगा?<br><br>(a) 376 cm²<br>(b) 304 cm²<br>(c) 160 cm²<br>(d) 488 cm²				40	Source::AbhasSaini 5. Mathematics::Mensuration
A solid cuboid has dimensions 12 cm × 16 cm × 22 cm. A hemisphere of radius 3.5 cm is cut from the centre of each face of cuboid. What is the total surface area (in cm²) of the remaining solid ? एक ठोस घनाभ केआयाम 12 cm × 16 cm × 22 cm हैं। उसकेप्रत्येक फलक केकें द्र से3.5 cm पत्रज्या का एक अधशगोला काट पदया जाता है। शेष ठोस का कु ल िृष्ठीय क्षेत्रफल (cm² में) क्या होगा?<br><br>(a) 1827<br>(b) 1847<br>(c) 1806<br>(d) 1871				40	Source::AbhasSaini 5. Mathematics::Mensuration
The radii of two cylinders are in the ratio 2:3 and their heights are 4:3. The ratio of their volumes is ? दो बेलनो ोंकी पत्रज्याओोंका अनुिात 2:3 हैऔर उनकी ऊँ चाइयो ों का अनुिात 4:3 है। उनकेआयतनो ोंका अनुिात क्या होगा?<br><br>(a) 16:27<br>(b) 27:16<br>(c) 16:9<br>(d) 9:16				40	Source::AbhasSaini 5. Mathematics::Mensuration
The radius of the base of a right circular cylinder is increased by 25%. By what percent should its height be reduced so that its volume remains the same as before ? एक लम्ब वृत्तीय बेलन केआधार की पत्रज्या 25% बढा दी जाती है। उसका आयतन िहलेजैसा ही रहे, इसके पलए उसकी ऊँ चाई में पकतनेप्रपतशत की कमी करनी होगी?<br><br>(a) 28<br>(b) 36<br>(c) 32<br>(d) 30				40	Source::AbhasSaini 5. Mathematics::Mensuration
If the radius of a right circular cylinder is decreased by 25% while its height is increased by 40%, then the percentage change in its volume will be ? यपद एक लम्ब वृत्तीय बेलन की पत्रज्या 25% घटा दी जाए और उसकी ऊँ चाई 40% बढा दी जाए, तो उसकेआयतन मेंपकतने प्रपतशत िररवतशन होगा?<br><br>(a) 21.5% decrease<br>(b) 21% increase<br>(c) No increase or decrease<br>(d) 22.5% Increase				40	Source::AbhasSaini 5. Mathematics::Mensuration
The height of a cylinder is 8 cm more than the radius of its base. If its radius is 14 cm what will be the volume of this cylinder. (π = 22/7) एक बेलन की ऊँ चाई उसकेआधार की पत्रज्या से8 cm अपधक है। यपद उसकी पत्रज्या 14 cm है, तो इस बेलन का आयतन क्या होगा? (π = 22/7)<br><br>(a) 13552 cm³<br>(b) 14340 cm³<br>(c) 10450 cm³<br>(d) 12320 cm³				40	Source::AbhasSaini 5. Mathematics::Mensuration
If the numerical value of the twice the curved surface area of a right circular cylinder is equal to the numerical value of its volume, then find the numerical value of the radius of the base of the cylinder ? यपद पकसी लम्ब वृत्तीय बेलन के वक्र िृष्ठीय क्षेत्रफल के दु गुनेका सोंख्यात्मक मान उसकेआयतन के सोंख्यात्मक मान के बराबर हो, तो बेलन केआधार की पत्रज्या का सोंख्यात्मक मान ज्ञात कीपजए।<br><br>(a) 2<br>(b) 3<br>(c) 4<br>(d) 5				40	Source::AbhasSaini 5. Mathematics::Mensuration
The total surface area of a cylinder is 100π square unit, where the height of the cylinder is equal to its radius. If the height is doubled and the radius is halved. The total surface area of the cylinder will be (square unit) ? एक बेलन का कु ल िृष्ठीय क्षेत्रफल 100π वगशइकाई है, जहाँबेलन की ऊँ चाई उसकी पत्रज्या के बराबर है। यपद ऊँ चाई दु गुनी और पत्रज्या आधी कर दी जाए, तो बेलन का कु ल िृष्ठीय क्षेत्रफल पकतना होगा?<br><br>(a) 48.5π<br>(b) 65π<br>(c) 62π<br>(d) 62.5π				40	Source::AbhasSaini 5. Mathematics::Mensuration
The radius of the base of a cylindrical tank is 2 m. If three times the sum of the areas of its two circular faces is twice the area of its curved surface, then the capacity (in Kilolitres) of the tank is ? एक बेलनाकार टैंक केआधार की पत्रज्या 2 m है। यपद उसके दोनो ों वृत्ताकार फलको ोंके क्षेत्रफलो ोंके योग का तीन गुना, उसके वक्र िृष्ठीय क्षेत्रफल के दो गुनेके बराबर है, तो टैंक की धाररता (पकलोलीटर में) क्या होगी?<br><br>(a) 12π<br>(b) 14π<br>(c) 16π<br>(d) 18π				40	Source::AbhasSaini 5. Mathematics::Mensuration
The curved surface area and the volume of a cylindrical object are 264 cm² and 924 cm³, respectively. The height (in cm) of the cylindrical object is ? (take π= 22/7) पकसी बेलनाकार वस्तुका वक्र िृष्ठीय क्षेत्रफल 264 cm² और आयतन 924 cm³ है। उस बेलन की ऊँ चाई (cm में) क्या होगी? (π = 22/7 लें)<br><br>(a) 4⅔<br>(b) 3⅔<br>(c) 6<br>(d) 4				40	Source::AbhasSaini 5. Mathematics::Mensuration
The sum of the radius of the base and height of a solid cylinder is 12 cm. If the total surface area of a solid cylinder is 168 cm², Find the height of the cylinder. एक ठोस बेलन केआधार की पत्रज्या और ऊँ चाई का योग 12 cm है। यपद उस ठोस बेलन का कु ल िृष्ठीय क्षेत्रफल 168 cm² है, तो बेलन की ऊँ चाई ज्ञात कीपजए।<br><br>(a) 5 cm<br>(b) 8 cm<br>(c) 6 cm<br>(d) 7 cm				40	Source::AbhasSaini 5. Mathematics::Mensuration
The length of a ribbon is l which is to be wrapped up on a curved surface of a perpendicular circular cylinder. If the circumference of the base is c then ribbon is how many times wrapped upon the cylinder ? एक फीतेकी लोंबाई l हैपजसेएक लम्ब वृत्तीय बेलन की वक्र सतह िर लिेटा जाना है। यपद आधार की िररपध c है, तो फीता बेलन िर पकतनी बार पलिटेगा?<br><br>(a) l/4c<br>(b) l/c<br>(c) l/2c<br>(d) 2c/l				40	Source::AbhasSaini 5. Mathematics::Mensuration
A hemispherical bowl of internal radius 6 cm filled with liquid. This liquid is to be filled into cylindrical bottles of radius 1 cm and height 2 cm. What is the number of bottles used to empty the bowl ? 6 cm आोंतररक पत्रज्या वालेएक अधशगोलाकार कटोरेमेंद्रव भरा है। इस द्रव को 1 cm पत्रज्या और 2 cm ऊँ चाई वाली बेलनाकार बोतलो ोंमेंभरा जाना है। कटोरेको िूरी तरह खाली करनेके पलए पकतनी बोतलेंलगेंगी?<br><br>(a) 78<br>(b) 74<br>(c) 72<br>(d) 70				40	Source::AbhasSaini 5. Mathematics::Mensuration
The external diameter of an iron pipe is 12 cm and its length is 8 cm. If the thickness of the pipe is 2 cm, find the total surface area of the pipe (take π = 22/7) correct to two places of decimal ? एक लोहेके िाइि का बाहरी व्यास 12 cm और लोंबाई 8 cm है। यपद िाइि की मोटाई 2 cm है, तो िाइि का कु ल िृष्ठीय क्षेत्रफल (π = 22/7 लें) दो दशमलव तक सही ज्ञात कीपजए।<br><br>(a) 628.57 cm²<br>(b) 626.76 cm²<br>(c) 625 cm²<br>(d) 642.48 cm²				40	Source::AbhasSaini 5. Mathematics::Mensuration
A toy is in the shape of a cylinder surmounted by a hemisphere. The total height of the toy is 10 cm and the radius of the hemisphere is 4 cm. Find the volume of the toy (Apprx) ? एक द्धखलौना बेलन के ऊिर अधशगोला रखेजानेकेआकार का है। द्धखलौनेकी कु ल ऊँ चाई 10 cm हैऔर अधशगोलेकी पत्रज्या 4 cm है। द्धखलौनेका आयतन (लगभग) ज्ञात कीपजए।<br><br>(a) 436 cm³<br>(b) 458 cm³<br>(c) 496 cm³<br>(d) 468 cm³				40	Source::AbhasSaini 5. Mathematics::Mensuration
A cylindrical vessel of diameter 60 cm is partially filled with water. A solid metallic Sphere of radius 18 cm is dropped into it. What will be the increase in the level of water in the vessel (in cm) ? 60 cm व्यास वालेएक बेलनाकार बतशन मेंकु छ िानी भरा है। उसमें18 cm पत्रज्या का एक ठोस धातुका गोला डाला जाता है। बतशन मेंिानी का स्तर पकतनेcm बढेगा?<br><br>(a) 8.64<br>(b) 9<br>(c) 10<br>(d) 7				40	Source::AbhasSaini 5. Mathematics::Mensuration
The diameter of a cylindrical pillar is 50 cm and its height is 4.2 m. What will be the cost of painting the curved surface of the pillar at the rate of ₹15 per m² painting. एक बेलनाकार खोंभेका व्यास 50 cm और ऊँ चाई 4.2 m है। उसके वक्र िृष्ठ को ₹15 प्रपत m² की दर सेरोंगनेकी लागत क्या होगी?<br><br>(a) ₹99<br>(b) ₹95<br>(c) ₹80<br>(d) ₹88				40	Source::AbhasSaini 5. Mathematics::Mensuration
A cylinder of radius 8 cm and height 3.5 cm just fits in another cylinder completely with their axis perpendicular. What is the radius (in cm) of second cylinder ? 8 cm पत्रज्या और 3.5 cm ऊँ चाई वाला एक बेलन दूसरेबेलन में िूरी तरह समा जाता है, जहाँदोनो ोंके अक्ष िरस्पर लम्ब हैं। दूसरे बेलन की पत्रज्या (cm में) क्या होगी?<br><br>(a) 8.19<br>(b) 6.45<br>(c) 5.25<br>(d) 7.5				40	Source::AbhasSaini 5. Mathematics::Mensuration
The difference between the outer and inner curved surface areas of a hollow right circular cylinder 14 cm long is 88 cm². If the volume of metal used in making the cylinder is 176 cm³, find the outer and inner diameters of the cylinder. (Use π = 22/7) ? 14 cm लोंबाई वालेएक खोखलेलम्ब वृत्तीय बेलन के बाहरी और भीतरी वक्र िृष्ठीय क्षेत्रफलो ोंका अोंतर 88 cm² है। यपद बेलन बनाने मेंप्रयुक्त धातुका आयतन 176 cm³ है, तो बेलन के बाहरी और भीतरी व्यास ज्ञात कीपजए। (π = 22/7 लें)<br><br>(a) 4, 3<br>(b) 5, 3<br>(c) 4, 5<br>(d) 5, 8				40	Source::AbhasSaini 5. Mathematics::Mensuration
A solid cylinder of base radius 8 cm and height 10 cm is melted and recast into n toys each in the shape of a right circular cone of height 6 cm mounted on a hemisphere of radius 2 cm. The value of n is ? 8 cm आधार पत्रज्या और 10 cm ऊँ चाई वालेएक ठोस बेलन को पिघलाकर n द्धखलौनेबनाए जातेहैं। प्रत्येक द्धखलौना 6 cm ऊँ चाई वालेएक लम्ब वृत्तीय शोंकुतथा 2 cm पत्रज्या वालेएक अधशगोलेके सोंयुक्त आकार का है। n का मान ज्ञात कीपजए।<br><br>(a) 27<br>(b) 64<br>(c) 54<br>(d) 48				40	Source::AbhasSaini 5. Mathematics::Mensuration
A cylindrical vessel of radius 18 cm contains water to a depth of 20 cm. a solid spherical metallic ball is dropped into the vessel which is fully submersed and raise the level of water in the vessel by 3 cm. what is the surface area of ball ? (Assume no overflow of water) 18 cm पत्रज्या वालेएक बेलनाकार बतशन में20 cm गहराई तक िानी भरा है। उसमेंएक ठोस धातुका गोला डाला जाता हैजो िूरी तरह डू ब जाता हैऔर िानी का स्तर 3 cm बढ जाता है। गोलेका िृष्ठीय क्षेत्रफल क्या है? (मान लेंिानी बाहर नही ोंपनकलता)<br><br>(a) 288π<br>(b) 784π<br>(c) 324π<br>(d) 576π				40	Source::AbhasSaini 5. Mathematics::Mensuration
A cylindrical vessel of radius 18 cm contains water to a depth of 20 cm. a solid spherical metallic ball is dropped into the vessel which is fully submersed and raise the level of water in the vessel by 3 cm. what is the surface area of ball ? (Assume no overflow of water) 18 cm त्रिज्या वालेएक बेलनाकार बततन में20 cm गहराई तक पानी भरा है। उसमेंएक ठोस धातुका गोला डाला जाता हैजो पूरी तरह डू ब जाता हैऔर पानी का स्तर 3 cm बढ़ जाता है। गोलेका पृष्ठीय क्षेिफल क्या है? (मान लेंपानी बाहर नही ींत्रनकलता)<br><br>(a) 288π<br>(b) 784π<br>(c) 324π<br>(d) 576π				40	Source::AbhasSaini 5. Mathematics::Mensuration
A field roller is in the shape of a cylinder whose diameter is 2.8 metres and length is 1.5 metres. If the roller rolls at a speed of 12 revolutions per minute, then find the maximum area (in m²) that it can roll in 1 hour (60 minutes). एक खेत रोलर बेलन केआकार का हैत्रजसका व्यास 2.8 m और लींबाई 1.5 m है। यत्रद रोलर 12 चक्कर प्रत्रत त्रमनट की गत्रत से घूमता है, तो 1 घींटे(60 त्रमनट) मेंवह अत्रधकतम त्रकतना क्षेिफल (m² में) रोल करेगा?<br><br>(a) 9,504 m²<br>(b) 8,640 m²<br>(c) 9,000 m²<br>(d) 10,250				40	Source::AbhasSaini 5. Mathematics::Mensuration
A cylinder is filled to 4/5th of volume. It is then titled so that the level of water coincides with one half edge of its bottom and top edge of the opposite side. In the process 30L of the water is spilled. What is the volume of the cylinder ? एक बेलन अपनेआयतन के 4/5 भाग तक भरा है। त्रफर उसेइस प्रकार झु काया जाता हैत्रक जलस्तर उसके त्रनचलेआधार के एक आधेत्रकनारेऔर त्रवपरीत त्रदशा के ऊपरी त्रकनारेसेहोकर गुजरता है। इस प्रत्रिया में30 लीटर पानी त्रगर जाता है। बेलन का कु ल आयतन क्या है?<br><br>(a) 75L<br>(b) 96L<br>(c) 100L<br>(d) None				40	Source::AbhasSaini 5. Mathematics::Mensuration
The total surface area of a solid cube is 294 cm². It is melted and recast into a right circular cylinder of radius 7 cm. What is the height (in cm, correct to one decimal place) of the cylinder? (Take π = 22/7 ) एक ठोस घन का कु ल पृष्ठीय क्षेिफल 294 cm² है। इसेत्रपघलाकर 7 cm त्रिज्या वालेएक लम्ब वृत्तीय बेलन मेंढाला जाता है। बेलन की ऊँ चाई (cm में, एक दशमलव तक सही) क्या होगी? (π = 22/7 लें)<br><br>(a) 4.5<br>(b) 2.2<br>(c) 1.8<br>(d) 3.1				40	Source::AbhasSaini 5. Mathematics::Mensuration
A solid right-circular cylinder whose radius of the base is 22.5 cm and whose height is 24 cm is melted and moulded in the shape of a right circular cone whose radius of the base is 36 cm. What will be the height of this cone ? 22.5 cm आधार त्रिज्या और 24 cm ऊँ चाई वालेएक ठोस लम्ब वृत्तीय बेलन को त्रपघलाकर 36 cm आधार त्रिज्या वालेएक लम्ब वृत्तीय शींकुके रूप मेंढाला जाता है। शींकुकी ऊँ चाई क्या होगी?<br><br>(a) 26.225 cm<br>(b) 28.125 cm<br>(c) 29.105 cm<br>(d) 30.25 cm				40	Source::AbhasSaini 5. Mathematics::Mensuration
A solid metallic right circular cylinder has diameter 24 cm and height 54 cm. It is melted and recast into a solid sphere. What is the radius of the sphere ? एक ठोस धातुके लम्ब वृत्तीय बेलन का व्यास 24 cm और ऊँ चाई 54 cm है। इसेत्रपघलाकर एक ठोस गोलेमेंढाला जाता है। गोले की त्रिज्या क्या होगी?<br><br>(a) 16<br>(b) 18<br>(c) 12<br>(d) 10				40	Source::AbhasSaini 5. Mathematics::Mensuration
Some ice pieces, spherical in shape, of diameter 6 cm are dropped in a cylindrical container containing some juice and are fully submerged. If the diameter of the container is 18 cm and level of juice rises by 40 cm, then how many ice pieces are dropped in the container ? 6 cm व्यास वालेकु छ गोलाकार बफत के टुकडेएक बेलनाकार पाि मेंभरेजूस मेंडालेजातेहैंऔर पूरी तरह डू ब जातेहैं। यत्रद पाि का व्यास 18 cm हैऔर जूस का स्तर 40 cm बढ़ जाता है, तो पाि मेंत्रकतनेबफत के टुकडेडालेगए?<br><br>(a) 90<br>(b) 80<br>(c) 85<br>(d) 95				40	Source::AbhasSaini 5. Mathematics::Mensuration
The radius of base of a solid cylinder is 7 cm and its height is 21 cm. It is melted and converted into small bullets. Each bullet is of same size. Each bullet consisted of two parts viz. a cylinder and a hemisphere on one of its base. The total height of bullet is 3.5 cm and radius of base is 2.1 cm. Approximately how many complete bullets can be obtained ? एक ठोस बेलन की आधार त्रिज्या 7 cm और ऊँ चाई 21 cm है। इसेत्रपघलाकर समान आकार की छोटी गोत्रलयाँबनाई जाती हैं। प्रत्येक गोली दो भागो ींसेबनी है, एक बेलन और उसके एक आधार पर एक अधतगोला। गोली की कु ल ऊँ चाई 3.5 cm और आधार त्रिज्या 2.1 cm है। लगभग त्रकतनी पूणतगोत्रलयाँबनाई जा सकती हैं?<br><br>(a) 83<br>(b) 89<br>(c) 74<br>(d) 79				40	Source::AbhasSaini 5. Mathematics::Mensuration
A Solid metal cylinder of 12 cm height and 7 cm radius is melted and recast into two cones in the proportion of 1:2 (volume), keeping the height 12 cm. what would be the percentage change in the flat surface area before and after (use π = 22/7) ? 12 cm ऊँ चाई और 7 cm त्रिज्या वालेएक ठोस धातुबेलन को त्रपघलाकर आयतन के 1:2 अनुपात वालेदो शींकु ओींमेंढाला जाता है, और दोनो ींकी ऊँ चाई 12 cm रखी जाती है। पहलेऔर बाद के समतल पृष्ठीय क्षेिफल मेंत्रकतनेप्रत्रतशत पररवततन होगा? (π = 22/7 लें)<br><br>(a) 20%<br>(b) 35%<br>(c) 45%<br>(d) 50%				40	Source::AbhasSaini 5. Mathematics::Mensuration
A rectangular sheet of paper 44 cm x 18 cm is rolled along its length and a cylinder is formed. The volume of the cylinder is ? 44 cm × 18 cm के एक आयताकार कागज को उसकी लींबाई के अनुत्रदश मोडकर एक बेलन बनाया जाता है। उस बेलन का आयतन क्या होगा?<br><br>(a) 2700 cm³<br>(b) 2727 cm³<br>(c) 2772 cm³<br>(d) 792 cm³				40	Source::AbhasSaini 5. Mathematics::Mensuration
A rectangular paper of width 7 cm is rolled along its width and a cylinder of radius 9 cm is formed. Find the volume of the cylinder ? 7 cm चौडाई वालेएक आयताकार कागज को उसकी चौडाई के अनुत्रदश मोडकर 9 cm त्रिज्या वाला बेलन बनाया जाता है। बेलन का आयतन ज्ञात कीत्रजए।<br><br>(a) 1728<br>(b) 1782<br>(c) 1792<br>(d) 1729				40	Source::AbhasSaini 5. Mathematics::Mensuration
The length and breadth of a rectangle are 15 cm and 12 cm respectively. If the rectangle is given one full rotation about its breadth as the axis, what is the volume (in cubic cm) through which the rectangle moves ? एक आयत की लींबाई 15 cm और चौडाई 12 cm है। यत्रद इस आयत को उसकी चौडाई को अक्ष मानकर एक पूणतघूणतन त्रदया जाए, तो आयत त्रजस ठोस का त्रनमातण करेगा उसका आयतन (घन cm में) क्या होगा?<br><br>(a) 2160π<br>(b) 1800π<br>(c) 1440π<br>(d) 2700π				40	Source::AbhasSaini 5. Mathematics::Mensuration
Two rectangular sheets of paper, each 60 cm × 36 cm, are made into two right circular cylinders, one by rolling the paper along its length and the other along the breadth. The ratio of the volumes of the two cylinders, thus formed, is ? 60 cm × 36 cm आकार की दो आयताकार कागज की चादरो ींसे दो लम्ब वृत्तीय बेलन बनाए जातेहैं, एक को लींबाई के अनुत्रदश और दूसरेको चौडाई के अनुत्रदश मोडकर। बनेहुए दोनो ींबेलनो ींके आयतनो ींका अनुपात क्या होगा?<br><br>(a) 5 : 6<br>(b) 8 : 3<br>(c) 7 : 4<br>(d) 5 : 3				40	Source::AbhasSaini 5. Mathematics::Mensuration
A rectangular sheet of length 28 cm and breadth 16 cm is folded to meet the edges so that it is made into a cylindrical pipe in two possible ways – one along the length and the other along the breadth. The larger volume is how much percentage of smaller volume ? 28 cm लींबाई और 16 cm चौडाई की एक आयताकार शीट को त्रकनारो ींको त्रमलाकर दो तरीको ींसेबेलनाकार पाइप बनाया जा सकता है, एक लींबाई के अनुत्रदश और दूसरा चौडाई के अनुत्रदश। बडेआयतन वाला बेलन, छोटेआयतन वालेबेलन सेत्रकतने प्रत्रतशत अत्रधक है?<br><br>(a) 180%<br>(b) 185%<br>(c) 175%<br>(d) 165%				40	Source::AbhasSaini 5. Mathematics::Mensuration
A right circular cylinder of maximum possible size is cut out from a solid wooden cube. The remaining material of the cube is what percentage of the original cube? (Take π = 3.14) ? एक ठोस लकडी के घन मेंसेअत्रधकतम सींभव आकार का एक लम्ब वृत्तीय बेलन काटा जाता है। घन के बचेहुए पदाथतका आयतन, मूल घन केआयतन का त्रकतनेप्रत्रतशत है? (π = 3.14 लें)<br><br>(a) 22.8<br>(b) 21.8<br>(c) 22.4<br>(d) 21.5				40	Source::AbhasSaini 5. Mathematics::Mensuration
The largest possible right circular cylinder is cut out from a wooden cube of edge 14 cm. Find the volume of the cube left over after cutting the cylinder (in cm³). (use π= 22/7) 14 cm भुजा वालेलकडी के घन मेंसेअत्रधकतम सींभव आकार का एक लम्ब वृत्तीय बेलन काटा जाता है। बेलन काटनेके बाद बचे हुए घन का आयतन (cm³ में) ज्ञात कीत्रजए। (π = 22/7 लें)<br><br>(a) 588<br>(b) 575<br>(c) 675<br>(d) 535				40	Source::AbhasSaini 5. Mathematics::Mensuration
A right circular cylinder has height 14 cm and radius of base 14 cm. Two hemispheres of radius 7 cm each are cut from each of the two bases of the cylinder. What is the total surface area (in cm²) of the remaining part ? एक लम्ब वृत्तीय बेलन की ऊँ चाई 14 cm और आधार की त्रिज्या 14 cm है। उसके दोनो ींआधारो ींसे7 cm त्रिज्या वालेदो अधतगोले काट त्रदए जातेहैं। शेष भाग का कु ल पृष्ठीय क्षेिफल (cm² में) क्या होगा?<br><br>(a) 3240<br>(b) 3310<br>(c) 3080<br>(d) 3480				40	Source::AbhasSaini 5. Mathematics::Mensuration
A solid cylinder has radius of base 14 cm and height 15 cm. 4 identical cylinders are cut from each base. Height of small cylinder is 5 cm. What is the total surface area (in cm²) of the remaining part ? एक ठोस बेलन की आधार त्रिज्या 14 cm और ऊँ चाई 15 cm है। उसके प्रत्येक आधार से4 समान छोटेबेलन काटेजातेहैं। छोटे बेलन की ऊँ चाई 5 cm है। शेष ठोस का कु ल पृष्ठीय क्षेिफल (cm² में) क्या होगा?<br><br>(a) 3740<br>(b) 3432<br>(c) 3124<br>(d) 2816				40	Source::AbhasSaini 5. Mathematics::Mensuration
A right circular cylinder has radius 14 cm and height 40 cm. One conical part is cut from each bases of cylinder. Radius and height of each conical part is 9 cm and 12 cm. Find TSA of remaining solid ? एक लम्ब वृत्तीय बेलन की त्रिज्या 14 cm और ऊँ चाई 40 cm है। उसके दोनो ींआधारो ींसेएक-एक शींक्वाकार भाग काटा जाता है। प्रत्येक शींकुकी त्रिज्या 9 cm और ऊँ चाई 12 cm है। शेष ठोस का कु ल पृष्ठीय क्षेिफल ज्ञात कीत्रजए।<br><br>(a) 1620π<br>(b) 1540π<br>(c) 1780π<br>(d) 1650π				40	Source::AbhasSaini 5. Mathematics::Mensuration
The ratio of heights of two cones is 2:3 and the ratio of their radii is 3:2. Find the ratio of their volumes ? दो शींकु ओींकी ऊँ चाइयो ींका अनुपात 2:3 हैऔर उनकी त्रिज्याओीं का अनुपात 3:2 है। उनकेआयतनो ींका अनुपात ज्ञात कीत्रजए।<br><br>(a) 4:3<br>(b) 2:3<br>(c) 3:2<br>(d) 3:4				40	Source::AbhasSaini 5. Mathematics::Mensuration
The lateral surface area of a cone is 462 cm², its slant height is 35 cm, The radius of the base of the cone is ? एक शींकुका पार्श्तपृष्ठीय क्षेिफल 462 cm² हैऔर उसकी त्रतयतक ऊँ चाई 35 cm है। शींकुकेआधार की त्रिज्या क्या है?<br><br>(a) 8.4 cm<br>(b) 6.5 cm<br>(c) 4.2 cm<br>(d) 3.2 cm				40	Source::AbhasSaini 5. Mathematics::Mensuration
The radius of the base and height of a right circular cone are in the ratio 5:12. If the volume of the cone is 314 2/7 cm³, the slant height (in cm) of the cone will be ? एक लम्ब वृत्तीय शींकुकी आधार त्रिज्या और ऊँ चाई का अनुपात 5:12 है। यत्रद शींकुका आयतन 314 2/7 cm³ है, तो उसकी त्रतयतक ऊँ चाई (cm में) क्या होगी?<br><br>(a) 12<br>(b) 13<br>(c) 15<br>(d) 17				40	Source::AbhasSaini 5. Mathematics::Mensuration
How many small solid spheres each of 5 mm radius can be made out of a metallic solid cone whose base has radius 7 cm and height 10 cm ? 7 cm आधार त्रिज्या और 10 cm ऊँ चाई वालेएक ठोस धातुशींकु से5 mm त्रिज्या वालेत्रकतनेछोटेठोस गोलेबनाए जा सकतेहैं?<br><br>(a) 900<br>(b) 960<br>(c) 980<br>(d) 940				40	Source::AbhasSaini 5. Mathematics::Mensuration
A heap of wheat is in the form of a cone whose base diameter is 8.4 m and height is 14.4 m. The heap is to be covered by canvass. What is the area (in m²) of the canvas required ? (Use π = 22/7) गेहँका एक ढेर शींकुकेआकार का है, त्रजसका आधार व्यास 8.4 m और ऊँ चाई 14.4 m है। इस ढेर को कै नवास सेढकना है। आवश्यक कै नवास का क्षेिफल (m² में) क्या होगा? (π = 22/7 लें)<br><br>(a) 143<br>(b) 196<br>(c) 185<br>(d) 198				40	Source::AbhasSaini 5. Mathematics::Mensuration
A conical vessel whose internal base radius is 7 cm and height 48 cm is full of a liquid. The entire liquid of the vessel is emptied into a cylindrical vessel with internal radius 4 cm. The height (in cm) to which the liquid rises in the cylindrical vessel is ? 7 cm आींतररक आधार त्रिज्या और 48 cm ऊँ चाई वाला एक शींक्वाकार पाि द्रव सेभरा है। इस पाि का पूरा द्रव 4 cm आींतररक त्रिज्या वालेबेलनाकार पाि मेंडाला जाता है। बेलनाकार पाि में द्रव त्रकतनी ऊँ चाई (cm में) तक पहुँचेगा?<br><br>(a) 48 cm<br>(b) 49 cm<br>(c) 45 cm<br>(d) 42 cm				40	Source::AbhasSaini 5. Mathematics::Mensuration
The height of right circular cone is 14.7 cm and the radius of its base is 5 cm. It is melted and recast into a right circular cone of base radius 3.5 cm Find its height ? (take π = 22/7) एक लम्ब वृत्तीय शींकुकी ऊँ चाई 14.7 cm और आधार त्रिज्या 5 cm है। इसेत्रपघलाकर 3.5 cm आधार त्रिज्या वालेदूसरेलम्ब वृत्तीय शींकुमेंढाला जाता है। उसकी ऊँ चाई ज्ञात कीत्रजए। (π = 22/7 लें)<br><br>(a) 28 cm<br>(b) 21 cm<br>(c) 30 cm<br>(d) 35 cm				40	Source::AbhasSaini 5. Mathematics::Mensuration
A sector of radius 12 cm with the central angle 120° is folded to form a cone by joining the two bounding radii of the sector. What is the volume (in cm³) of the cone so formed ? 12 cm त्रिज्या और 120° के कें द्रीय कोण वालेएक सेक्टर को उसकी दोनो ींत्रिज्याओींको त्रमलाकर एक शींकुबनाया जाता है। बने हुए शींकुका आयतन (cm³ में) क्या होगा?<br><br>(a) 189.6<br>(b) 169.5<br>(c) 179.6<br>(d) 125.5				40	Source::AbhasSaini 5. Mathematics::Mensuration
A triangle of height 12 cm and base 21 cm is rotated around the base of triangle to form a cone. Find the volume of cone formed. (Take π = 22/7) 12 cm ऊँ चाई और 21 cm आधार वालेएक त्रिभुज को उसके आधार के चारो ींओर घुमाया जाता है, त्रजससेएक शींकुबनता है। बनेहुए शींकुका आयतन ज्ञात कीत्रजए। (π = 22/7 लें)<br><br>(a) 3,928 cm³<br>(b) 3,500 cm³<br>(c) 3168 cm³<br>(d) 3,458 cm³				40	Source::AbhasSaini 5. Mathematics::Mensuration
ABC is a right angled triangle in which ∠B = 90°, AB = 5 cm and BC = 12 cm. What is the approximate volume (in cm³) of the double cone formed by rotating the triangle about its hypotenuse ? ABC एक समकोण त्रिभुज है, त्रजसमें∠B = 90°, AB = 5 cm और BC = 12 cm है। इस त्रिभुज को उसकी कणतके चारो ींओर घुमाने पर बननेवालेत्रिशींकुका लगभग आयतन (cm³ में) क्या होगा?<br><br>(a) 190 cm³<br>(b) 290 cm³<br>(c) 390 cm³<br>(d) 578 cm³				40	Source::AbhasSaini 5. Mathematics::Mensuration
The height of a cone is 36 cm. It is cut at a height of 12 cm from its base by a plane parallel to its base. If the volume of the smaller cone is 14800 cm³, then what is the volume (in cm³) of the original cone ? एक शींकुकी ऊँ चाई 36 cm है। इसेआधार से12 cm ऊपर, आधार के समाींतर एक तल सेकाटा जाता है। यत्रद ऊपर बनेछोटे शींकुका आयतन 14800 cm³ है, तो मूल शींकुका आयतन (cm³ में) क्या होगा?<br><br>(a) 44650<br>(b) 41600<br>(c) 46960<br>(d) 49950				40	Source::AbhasSaini 5. Mathematics::Mensuration
A cone of radius 90 cm and height 120 cm stands on its base. It is cut into 3 parts by 2 cuts parallel to its base such that the height of the three parts (from top to bottom) are in ratio of 1:2:3. What is the total surface area (in cm²) of the middle part ? 90 cm त्रिज्या और 120 cm ऊँ चाई वाला एक शींकुअपनेआधार पर खडा है। इसेआधार के समाींतर 2 कट लगाकर 3 भागो ींमें त्रवभात्रजत त्रकया जाता है, तात्रक ऊपर सेनीचेतक तीनो ींभागो ींकी ऊँ चाइयो ींका अनुपात 1:2:3 हो। बीच वालेभाग का कु ल पृष्ठीय क्षेिफल (cm² में) क्या होगा?<br><br>(a) 14600<br>(b) 16500<br>(c) 17800<br>(d) 18500				40	Source::AbhasSaini 5. Mathematics::Mensuration
The diameter of the base of a solid cone is 18 cm and its height is 12 cm. It is cut into three parts by two cuts which are parallel to its base. The cuts are at the height of 4 cm and 8 cm from the base, respectively. Find the curved surface area (in cm²) of the top part. (use π = 3.14) एक ठोस शींकुकेआधार का व्यास 18 cm और ऊँ चाई 12 cm है। इसेआधार के समाींतर दो कट लगाकर तीन भागो ींमेंकाटा जाता है। कट आधार सेिमशः 4 cm और 8 cm की ऊँ चाई पर हैं। ऊपर वालेभाग का वि पृष्ठीय क्षेिफल (cm² में) ज्ञात कीत्रजए। (π = 3.14 लें)<br><br>(a) 45.5<br>(b) 47.1<br>(c) 46<br>(d) 48				40	Source::AbhasSaini 5. Mathematics::Mensuration
A cone of radius 16 cm and height 12 cm is cut, parallel to the base, at some height closer to the top. If the ratio of the heights of the solids is 1∶3, then the ratio of the total surface areas of the two solids formed is approximately given by ? 16 cm त्रिज्या और 12 cm ऊँ चाई वालेएक शींकुको उसके आधार के समाींतर, शीषतके त्रनकट त्रकसी ऊँ चाई पर काटा जाता है। यत्रद बनेहुए दोनो ींठोसो ींकी ऊँ चाइयो ींका अनुपात 1:3 है, तो दोनो ींठोसो ींके कु ल पृष्ठीय क्षेिफलो ींका लगभग अनुपात क्या होगा?<br><br>(a) 9:143<br>(b) 1:8<br>(c) 2:15<br>(d) 7:180				40	Source::AbhasSaini 5. Mathematics::Mensuration
A cone whose base radius is 7 cm and height 24 cm is cut into four parts by two cuts. One along the axis of cone and another parallel to the base of the cone at a height of 12 cm from base. Find the Increase in total surface area after two cuts ? 7 cm आधार त्रिज्या और 24 cm ऊँ चाई वालेएक शींकुको दो कटो ींिारा चार भागो ींमेंकाटा जाता है। एक कट शींकुकी धुरी के अनुत्रदश हैऔर दूसरा आधार से12 cm ऊँ चाई पर, आधार के समाींतर है। दो कटो ींके बाद कु ल पृष्ठीय क्षेिफल मेंत्रकतनी वृद्धि होगी?<br><br>(a) 413 cm²<br>(b) 399 cm²<br>(c) 385 cm²<br>(d) 427 cm²				40	Source::AbhasSaini 5. Mathematics::Mensuration
An inverted right circular cone has a radius of 9 cm. This cone is partly filled with oil which is dipping from a hole in the tip at a rate of 1 cm²/hour. Currently the level of oil 3 cm from top and surface area is 36π cm². How long will it take the cone to be completely empty ? एक उल्टा लम्ब वृत्तीय शींकुहैत्रजसकी त्रिज्या 9 cm है। इसमेंकु छ तेल भरा हैजो नोक पर बनेत्रछद्र से1 cm³/घींटा की दर सेटपक रहा है। इस समय तेल का स्तर शीषतसे3 cm नीचेहैऔर तेल की सतह का क्षेिफल 36π cm² है। शींकुके पूरी तरह खाली होनेमें त्रकतना समय लगेगा?<br><br>(a) 72π hours<br>(b) 1 hour<br>(c) 3 hours<br>(d) 36π hours				40	Source::AbhasSaini 5. Mathematics::Mensuration
The Section of a solid right circular cone by a plane containing vertex and perpendicular to base is an equilateral triangle of side 14 cm. what is the volume of the cone ? (π = 22/7) एक ठोस लम्ब वृत्तीय शींकुको ऐसेतल सेकाटा जाता हैजो शीषत सेगुजरता हैऔर आधार पर लम्ब है। प्राप्त अनुप्रस्थ काट एक 14 cm भुजा वाला समभुज त्रिभुज है। शींकुका आयतन क्या होगा? (π = 22/7)<br><br>(a) 1078√3<br>(b) 1078/√3<br>(c) 539√3<br>(d) 539/√3				40	Source::AbhasSaini 5. Mathematics::Mensuration
The semi vertex angle of a cone is α and it is given that sinα = √2/√3. A cube of maximum possible volume is cut from the same cone. What is the ratio of volume of cone to volume of cube ? एक शींकुका अधत-शीषतकोण α हैऔर त्रदया हैत्रक sinα = √2/√3। उसी शींकुसेअत्रधकतम सींभव आयतन का एक घन काटा जाता है। शींकुके आयतन और घन केआयतन का अनुपात क्या होगा?<br><br>(a) 3.18π<br>(b) 2.16π<br>(c) 2.25π<br>(d) 2.56π				40	Source::AbhasSaini 5. Mathematics::Mensuration
An inverted right circular cone has a radius of 9 cm. This cone is partly filled with oil which is dipping from a hole in the tip at a rate of 1 cm²/hour. Currently the level of oil 3 cm from top and surface area is 36π cm². How long will it take the cone to be completely empty ? एक उल्टा लम्ब वृत्तीय शंकुहैजजसकी जिज्या 9 cm है। इसमेंकु छ तेल भरा हैजो नोक पर बनेजछद्र से1 cm³/घंटा की दर सेटपक रहा है। इस समय तेल का स्तर शीर्षसे3 cm नीचेहैऔर तेल की सतह का क्षेिफल 36π cm² है। शंकुके पूरी तरह खाली होनेमें जकतना समय लगेगा?<br><br>(a) 72π hours<br>(b) 1 hour<br>(c) 3 hours<br>(d) 36π hours				40	Source::AbhasSaini 5. Mathematics::Mensuration
The semi vertex angle of a cone is α and it is given that sinα = √2/√3. A cube of maximum possible volume is cut from the same cone. What is the ratio of volume of cone to volume of cube ? एक शंकुका अधष-शीर्षकोण α हैऔर जदया हैजक sinα = √2/√3। उसी शंकुसेअजधकतम संभव आयतन का एक घन काटा जाता है। शंकुके आयतन और घन केआयतन का अनुपात क्या होगा?<br><br>(a) 3.18π<br>(b) 2.16π<br>(c) 2.25π<br>(d) 2.56π				40	Source::AbhasSaini 5. Mathematics::Mensuration
Three identical cones each with base radius 3 cm are placed on their bases so that each is touching the other two. There will be one and only circle that would pass through each of the vertices of the cones. what is the area of the Circles ? 3 cm आधार जिज्या वालेतीन समान शंकु ओंको उनकेआधारो ं पर इस प्रकार रखा जाता हैजक प्रत्येक शंकुबाकी दोनो ंको स्पशष करता है। एकमाि ऐसा वृत्त होगा जो तीनो ंशंकु ओंके शीर्ों से होकर गुजरेगा। उस वृत्त का क्षेिफल क्या होगा?<br><br>(a) 3π<br>(b) 6π<br>(c) 9π<br>(d) 12π				40	Source::AbhasSaini 5. Mathematics::Mensuration
Find the radius of the largest sphere that can be fitted inside a right circular cone whose base radius is 9 cm and slant height is 16 cm ? 9 cm आधार जिज्या और 16 cm जतयषक ऊँ चाई वालेएक लम्ब वृत्तीय शंकुके अंदर समानेवालेसबसेबडेगोलेकी जिज्या ज्ञात कीजजए।<br><br>(a) 5√7/3 cm<br>(b) 9√7/5 cm<br>(c) 8√7/3 cm<br>(d) 6√7/5 cm				40	Source::AbhasSaini 5. Mathematics::Mensuration
A cube of maximum possible size is cut from a cone of radius 10√2 cm and height 30 cm, then find the maximum volume of the cube ? 10√2 cm जिज्या और 30 cm ऊँ चाई वालेएक शंकुमेंसे अजधकतम संभव आकार का एक घन काटा जाता है। उस घन का अजधकतम आयतन क्या होगा?<br><br>(a) 1828 cm³<br>(b) 1728 cm³<br>(c) 1928 cm³<br>(d) 1428 cm³				40	Source::AbhasSaini 5. Mathematics::Mensuration
The frustum of a right circular cone has the radius of the base as 5 cm, radius of the top as 3 cm, and height as 6 cm. What is its volume ? एक लम्ब वृत्तीय शंकुके जछन्नक (frustum) के बडेआधार की जिज्या 5 cm, ऊपरी आधार की जिज्या 3 cm और ऊँ चाई 6 cm है। उसका आयतन क्या होगा?<br><br>(a) 98π<br>(b) 100π<br>(c) 96π<br>(d) 90π				40	Source::AbhasSaini 5. Mathematics::Mensuration
A right circular cone is cut parallel to its base, forming a frustum. The height of the original cone is 20 cm, and the cut is made 5 cm from the top. What is the ratio of the volume of the frustum to the volume of the entire cone ? एक लम्ब वृत्तीय शंकुको उसकेआधार के समांतर काटकर एक जछन्नक बनाया जाता है। मूल शंकुकी ऊँ चाई 20 cm हैऔर कट शीर्षसे5 cm नीचेलगाया जाता है। जछन्नक केआयतन और पूरे शंकुकेआयतन का अनुपात क्या होगा?<br><br>(a) 63:64<br>(b) 62:63<br>(c) 16:19<br>(d) 14:15				40	Source::AbhasSaini 5. Mathematics::Mensuration
A shuttle cock used for playing badminton has the shape of a frustum of a cone mounted on a hemisphere. The external diameters of the frustum are 5 cm and 2 cm, the height of the entire shuttle cock is 7 cm. Find the external surface area ? बैडजमंटन मेंप्रयुक्त शटलकॉक का आकार एक अधषगोलेपर रखे हुए शंकुके जछन्नक जैसा है। जछन्नक के बाहरी व्यास 5 cm और 2 cm हैं, तथा पूरेशटलकॉक की ऊँ चाई 7 cm है। इसका बाहरी पृष्ठीय क्षेिफल ज्ञात कीजजए।<br><br>(a) 74.30<br>(b) 74.26<br>(c) 80<br>(d) 73.38				40	Source::AbhasSaini 5. Mathematics::Mensuration
The radii of the ends of a frustum of a solid right circular cone 45 cm high are 28 cm and 7 cm. If this frustum is melted and reconstructed into a solid right circular cylinder whose radius of base and height are in the ratio 3:5, find the curved surface area (in cm²) of this cylinder ? [Use π = 22/7] 45 cm ऊँ चेएक ठोस लम्ब वृत्तीय शंकुके जछन्नक के दोनो ंजसरो ं की जिज्याएँ28 cm और 7 cm हैं। यजद इस जछन्नक को जपघलाकर एक ठोस लम्ब वृत्तीय बेलन बनाया जाए, जजसकी आधार जिज्या और ऊँ चाई का अनुपात 3:5 है, तो उस बेलन का वक्र पृष्ठीय क्षेिफल (cm² में) ज्ञात कीजजए। [π = 22/7 लें]<br><br>(a) 4610<br>(b) 4620<br>(c) 4580<br>(d) 4640				40	Source::AbhasSaini 5. Mathematics::Mensuration
A frustum of a right circular cone, whose height is 18 cm, large base radius is 25 cm, and small base radius is 20 cm, is melted to form a small sphere of diameter 2 cm. How many spheres will be formed ? 18 cm ऊँ चाई, 25 cm बडेआधार की जिज्या और 20 cm छोटे आधार की जिज्या वाला एक लम्ब वृत्तीय शंकुका जछन्नक जपघलाकर 2 cm व्यास वालेछोटेगोलो ंमेंढाला जाता है। ऐसे जकतनेगोलेबनेंगे?<br><br>(a) 6287<br>(b) 6862<br>(c) 4575<br>(d) 5857				40	Source::AbhasSaini 5. Mathematics::Mensuration
A 22.5 m high tent is in the shape of frustum of a cone surmounted by a hemisphere. If the diameters of the upper and the lower circular ends of the frustum are 21 m and 39 m, respectively, then find the area of the cloth in (m²) used to make the tent (Ignoring wastage) (use π = 22/7) 22.5 m ऊँ चा एक तंबू, एक अधषगोलेपर रखेहुए शंकुके जछन्नक केआकार का है। यजद जछन्नक के ऊपरी और जनचलेवृत्ताकार जसरो ंके व्यास क्रमशः 21 m और 39 m हैं, तो तंबूबनानेमेंप्रयुक्त कपडेका क्षेिफल (m² में) ज्ञात कीजजए। (अपव्यय को नज़रअंदाज़ करें, π = 22/7 लें)<br><br>(a) 787 2/7<br>(b) 2107 2/7<br>(c) 2800 2/7<br>(d) 1635 6/7				40	Source::AbhasSaini 5. Mathematics::Mensuration
Cone of radius 4 cm with a slant height of 12 cm was sliced horizontally, resulting into a smaller cone (upper portion) and a frustum (lower portion). If the ratio of the curved surface area of the upper smaller cone and the lower frustum is 1:2, what will be the slant height of the frustum ? 4 cm जिज्या और 12 cm जतयषक ऊँ चाई वालेएक शंकुको क्षैजतज रूप सेकाटा जाता है, जजससेऊपर एक छोटा शंकुऔर नीचेएक जछन्नक बनता है। यजद ऊपर के छोटेशंकुऔर नीचेके जछन्नक के वक्र पृष्ठीय क्षेिफलो ंका अनुपात 1:2 है, तो जछन्नक की जतयषक ऊँ चाई क्या होगी?<br><br>(a) 12-√3<br>(b) 12-2√3<br>(c) 12-3√3<br>(d) 12-4√3				40	Source::AbhasSaini 5. Mathematics::Mensuration
The surface area of a sphere is 616 cm², Find its diameter (take π = 22/7). एक गोलेका पृष्ठीय क्षेिफल 616 cm² है। उसका व्यास ज्ञात कीजजए। (π = 22/7 लें)<br><br>(a) 2 cm<br>(b) 14 cm<br>(c) 4 cm<br>(d) 3 cm				40	Source::AbhasSaini 5. Mathematics::Mensuration
If the volume of a sphere is 4851 cm³ then its surface area is ? यजद जकसी गोलेका आयतन 4851 cm³ है, तो उसका पृष्ठीय क्षेिफल क्या होगा?<br><br>(a) 1386 cm²<br>(b) 1296 cm²<br>(c) 1436 cm²<br>(d) 1346 cm²				40	Source::AbhasSaini 5. Mathematics::Mensuration
Find the volume of a solid hemisphere whose radius is 5.6 cm. (π = 22/7) 5.6 cm जिज्या वालेएक ठोस अधषगोलेका आयतन ज्ञात कीजजए। (π = 22/7 लें)<br><br>(a) 368 cm³<br>(b) 370 cm³<br>(c) 376 cm³<br>(d) 380 cm³				40	Source::AbhasSaini 5. Mathematics::Mensuration
If the radius of a sphere is increased by 4 cm, its surface area is increased by 464 cm². What is the volume (in cm³) of the original sphere ? यजद जकसी गोलेकी जिज्या 4 cm बढा दी जाए, तो उसका पृष्ठीय क्षेिफल 464 cm² बढ जाता है। मूल गोलेका आयतन (cm³ में) क्या होगा?<br><br>(a) 15625π/6<br>(b) 35937π/8<br>(c) 11979π/2<br>(d) 15625π/8				40	Source::AbhasSaini 5. Mathematics::Mensuration
A shopkeeper usually makes a large gram flour laddu (Circular in shape) of radius 12 cm. How many gram flour laddus of radius 4 cm can be made from this big gram flour laddu ? (take π = 22/7) एक दु कानदार 12 cm जिज्या का एक बडा बेसन का लड्डूबनाता है। इस बडेलड्डूसे4 cm जिज्या वालेजकतनेछोटेबेसन के लड्डू बनाए जा सकतेहैं? (π = 22/7 लें)<br><br>(a) 27<br>(b) 9<br>(c) 18<br>(d) 36				40	Source::AbhasSaini 5. Mathematics::Mensuration
How many spherical balls of 8 cm diameter can be made from a cylinder of height 28 cm and base radius 8 cm ? 28 cm ऊँ चाई और 8 cm आधार जिज्या वालेएक बेलन से8 cm व्यास वालेजकतनेगोलाकार गोलेबनाए जा सकतेहैं?<br><br>(a) 21<br>(b) 15<br>(c) 42<br>(d) 60				40	Source::AbhasSaini 5. Mathematics::Mensuration
A hemispherical bowl of radius 24 cm is filled with water by using a cylindrical glass. If the water from the cylindrical glass is poured 72 times to fill the bowl completely and the height of the glass is 8 cm. Then what is the base radius of the cylindrical glass ? 24 cm जिज्या वालेएक अधषगोलाकार कटोरेको एक बेलनाकार जगलास की सहायता सेपानी भरकर पूरा भरा जाता है। यजद उस जगलास का पानी 72 बार डालनेपर कटोरा पूरा भरता हैऔर जगलास की ऊँ चाई 8 cm है, तो जगलास केआधार की जिज्या क्या होगी?<br><br>(a) 4 cm<br>(b) 3.5 cm<br>(c) 5 cm<br>(d) 6 cm				40	Source::AbhasSaini 5. Mathematics::Mensuration
A hemispherical dome is open from its base and is made of iron. Thickness of dome is 3.5 meter. Total cost of painting domes outer curved surface is Rs. 4928. If the rate of painting is Rs. 4 per m², then what is the volume (in m³) of iron used in making dome ? एक अधषगोलाकार गुंबद अपनेआधार सेखुला हैऔर लोहेका बना है। गुंबद की मोटाई 3.5 m है। इसके बाहरी वक्र पृष्ठ को रंगने की कु ल लागत ₹4928 है। यजद रंगाई की दर ₹4 प्रजत m² है, तो गुंबद बनानेमेंप्रयुक्त लोहेका आयतन (m³ में) क्या होगा?<br><br>(a) 3323<br>(b) 3120<br>(c) 3233<br>(d) 3125				40	Source::AbhasSaini 5. Mathematics::Mensuration
A metallic hemispherical bowl is made up of steel. The total steel used in making the bowl is 342π cm³. The bowl can hold 144π cm³ water. What is the curved surface area (in cm²) of outer side ? एक धातुका अधषगोलाकार कटोरा स्टील सेबना है। इसेबनानेमें प्रयुक्त कु ल स्टील का आयतन 342π cm³ है। कटोरेकी जल धारण क्षमता 144π cm³ है। कटोरेकी बाहरी वक्र सतह का क्षेिफल (cm² में) क्या होगा?<br><br>(a) 72π<br>(b) 62π<br>(c) 81π<br>(d) 80π				40	Source::AbhasSaini 5. Mathematics::Mensuration
A hemispherical bowl of internal diameter 24 cm is full of a liquid. This liquid is to be filled into cylindrical bottles each of radius 4 cm and height 2 cm. How many such bottles are required to empty the bowl ? 24 cm आंतररक व्यास वाला एक अधषगोलाकार कटोरा द्रव सेभरा है। इस द्रव को 4 cm जिज्या और 2 cm ऊँ चाई वाली बेलनाकार बोतलो ंमेंभरना है। कटोरेको पूरी तरह खाली करनेके जलए जकतनी बोतलेंचाजहए हो ंगी?<br><br>(a) 54<br>(b) 36<br>(c) 72<br>(d) 27				40	Source::AbhasSaini 5. Mathematics::Mensuration
A solid metallic toy has a hemispherical base with radius 7 cm surmounted by a cone. If the height of the cone is the same as the radius if its base, then the volume of metal used in cm³ is (Take π = 22/7) एक ठोस धातुके खखलौनेका आधार 7 cm जिज्या का अधषगोला है, जजसके ऊपर एक शंकुलगा है। यजद शंकुकी ऊँ चाई उसके आधार की जिज्या के बराबर है, तो प्रयुक्त धातुका आयतन (cm³ में) क्या होगा? (π = 22/7 लें)<br><br>(a) 1075 cm³<br>(b) 1078 cm³<br>(c) 1100 cm³<br>(d) 1087 cm³				40	Source::AbhasSaini 5. Mathematics::Mensuration
A hollow spherical shell is made of a metal of density 6 g/cm³. Its internal and external radius are 3 cm and 6 cm, respectively. What is the weight (in kg) of the shell ? (Take π = 22/7) 6 g/cm³ घनत्व वाली धातुसेएक खोखला गोलाकार खोल बनाया गया है। उसकी आंतररक और बाहरी जिज्याएँक्रमशः 3 cm और 6 cm हैं। खोल का भार (kg में) क्या होगा? (π = 22/7 लें)<br><br>(a) 3.520<br>(b) 4.250<br>(c) 4.752<br>(d) 3.730				40	Source::AbhasSaini 5. Mathematics::Mensuration
A sphere is placed in an inverted hollow conical vessel of base radius 7 cm and vertical height 24 cm. if the highest point of the sphere is at the level of the base of the cone, then what is the ratio of the volume of the sphere to that of the conical vessel ? 7 cm आधार जिज्या और 24 cm ऊर्ध्ाषधर ऊँ चाई वालेएक उल्टे खोखलेशंक्वाकार पाि मेंएक गोला रखा जाता है। यजद गोलेका सबसेऊपरी जबंदुशंकुकेआधार के समतल पर है, तो गोलेके आयतन और शंक्वाकार पाि के आयतन का अनुपात क्या होगा?<br><br>(a) 63:128<br>(b) 21:96<br>(c) 63:256<br>(d) 21:64				40	Source::AbhasSaini 5. Mathematics::Mensuration
The diameter of a metal sphere is 24 cm. By melting it, a wire is made, the diameter of whose cross section is 8 cm. Find the length of the wire (in meters). एक धातुके गोलेका व्यास 24 cm है। इसेजपघलाकर एक तार बनाया जाता है, जजसके अनुप्रस्थ काट का व्यास 8 cm है। तार की लंबाई (मीटर में) ज्ञात कीजजए।<br><br>(a) 1.20<br>(b) 1.44<br>(c) 2<br>(d) 2.5				40	Source::AbhasSaini 5. Mathematics::Mensuration
A solid hemisphere is drilled with a cylindrical with radius R/4 hole through its center. If the height of the removed cylinder equals the hemisphere’s radius R/2, find the ratio of the volume removed to the volume remaining. एक ठोस अधषगोलेके कें द्र सेR/4 जिज्या का एक बेलनाकार छे द जकया जाता है। यजद जनकालेगए बेलन की ऊँ चाई, अधषगोलेकी जिज्या के R/2 के बराबर है, तो जनकालेगए आयतन और शेर् आयतन का अनुपात ज्ञात कीजजए।<br><br>(a) 5:1<br>(b) 5:4<br>(c) 3:4<br>(d) 3:5				40	Source::AbhasSaini 5. Mathematics::Mensuration
If a hollow sphere, whose external and internal diameters are 12 cm and 6 cm respectively, is melted into a cone of base diameter 18 cm, then what is the height of this cone ? एक खोखलेगोलेके बाहरी और आंतररक व्यास क्रमशः 12 cm और 6 cm हैं। इसेजपघलाकर 18 cm आधार व्यास वालेएक शंकु मेंढाला जाता है। इस शंकुकी ऊँ चाई क्या होगी?<br><br>(a) 8⅓ cm<br>(b) 9⅓ cm<br>(c) 9⅔ cm<br>(d) 8¾ cm				40	Source::AbhasSaini 5. Mathematics::Mensuration
A hemisphere of radius 7 cm is melted and made into four small identical spheres. Find the radius of these spheres ? 7 cm जिज्या वालेएक अधषगोलेको जपघलाकर 4 समान छोटेगोले बनाए जातेहैं। इन छोटेगोलो ंकी जिज्या ज्ञात कीजजए।<br><br>(a) 3 cm<br>(b) 4 cm<br>(c) 3.5 cm<br>(d) 4.5 cm				40	Source::AbhasSaini 5. Mathematics::Mensuration
The internal and external diameters of a hollow hemispherical bowl are 6 cm and 12 cm respectively. If it is melted and cast into a solid cylinder of diameter 14 cm, what will be the height of the cylinder in cm ? एक खोखलेअधषगोलाकार कटोरेकेआंतररक और बाहरी व्यास क्रमशः 6 cm और 12 cm हैं। यजद इसेजपघलाकर 14 cm व्यास वालेएक ठोस बेलन मेंढाला जाए, तो बेलन की ऊँ चाई (cm में) क्या होगी?<br><br>(a) 1.66<br>(b) 1.33<br>(c) 2.57<br>(d) 2.33				40	Source::AbhasSaini 5. Mathematics::Mensuration
A hemispherical of lead of radius 6 cm is cast into a right circular cone of height 48 cm. What is the radius of the base of the cone ? 6 cm जिज्या वालेएक सीसेके अधषगोलेको ढालकर 48 cm ऊँ चाई वालेएक लम्ब वृत्तीय शंकुमेंबनाया जाता है। शंकुके आधार की जिज्या क्या होगी?<br><br>(a) 3 cm<br>(b) 6 cm<br>(c) 4 cm<br>(d) 5 cm				40	Source::AbhasSaini 5. Mathematics::Mensuration
Radius of a large solid sphere is 6 cm. If is melted to form 8 equal small solid sphere. What is the sum of total surface areas of all the 8 small solid spheres ? एक बडेठोस गोलेकी जिज्या 6 cm है। यजद इसेजपघलाकर 8 समान छोटेठोस गोलेबनाए जाएँ, तो उन 8 गोलो ंके कु ल पृष्ठीय क्षेिफलो ंका योग क्या होगा?<br><br>(a) 288π cm²<br>(b) 258π cm²<br>(c) 264π cm²<br>(d) 224π cm²				40	Source::AbhasSaini 5. Mathematics::Mensuration
A solid metallic hemisphere of radius 4.9 cm is melted and recast into a right circular cylinder of radius 7 cm. What is the height (in cm, correct to one decimal place) of the cylinder ? 4.9 cm जिज्या वालेएक ठोस धातुअधषगोलेको जपघलाकर 7 cm जिज्या वालेएक लम्ब वृत्तीय बेलन मेंढाला जाता है। बेलन की ऊँ चाई (cm में, एक दशमलव तक सही) क्या होगी?<br><br>(a) 1.9<br>(b) 1.6<br>(c) 2.5<br>(d) 2.1				40	Source::AbhasSaini 5. Mathematics::Mensuration
The ratio of the diameters of two spheres is given as 1:4. The larger sphere is melted and 125 identical spheres are made out of the molten material. The smaller sphere is melted and 27 identical spheres are made out of the molten material. If the ratio of the volume of each of the 125 identical spheres to the volume of each of the 27 identical spheres is given as 1:m, what is the value of m ? दो गोलो ंके व्यासो ंका अनुपात 1:4 है। बडेगोलेको जपघलाकर 125 समान गोलेबनाए जातेहैं। छोटेगोलेको जपघलाकर 27 समान गोलेबनाए जातेहैं। यजद 125 गोलो ंमेंसेप्रत्येक केआयतन और 27 गोलो ंमेंसेप्रत्येक केआयतन का अनुपात 1:m है, तो m का मान क्या होगा?<br><br>(a) 1728/125<br>(b) 125/1728<br>(c) 27/8000<br>(d) 64/3375				40	Source::AbhasSaini 5. Mathematics::Mensuration
A spherical ball of diameter 8 cm is cut into two equal parts. The curved area of one such part has to be painted with green colour, while the other part has to be painted with red colour. The bases of both the hemispheres are to be painted with blue colour. The cost of painting with blue is ₹2/cm², while the cost of painting the curved area is ₹3/cm². What will be the cost (in₹) of painting the hemispheres? (Take π = 3.14) 8 cm व्यास वालेएक गोलेको दो बराबर भागो ंमेंकाटा जाता है। एक अधषगोलेकी वक्र सतह पर हरा रंग और दूसरेअधषगोलेकी वक्र सतह पर लाल रंग जकया जाता है। दोनो ंअधषगोलो ंकेआधारो ं पर नीला रंग जकया जाता है। नीलेरंग की लागत ₹2/cm² है, जबजक वक्र सतह पर रंग करनेकी लागत ₹3/cm² है। दोनो ं अधषगोलो ंको रंगनेकी कु ल लागत (₹ में) क्या होगी? (π = 3.14 लें)<br><br>(a) ₹451.92<br>(b) ₹492.92<br>(c) ₹803.84<br>(d) ₹401.92				40	Source::AbhasSaini 5. Mathematics::Mensuration
The ratio of total surface area and volume of a sphere is 1:7. This sphere is melted to form small spheres of equal size. The radius of each small sphere is 1/6th the radius of the large sphere. What is the sum (in cm²) of curved surface areas of all small spheres ? एक गोलेके कु ल पृष्ठीय क्षेिफल और आयतन का अनुपात 1:7 है। इस गोलेको जपघलाकर समान आकार के छोटेगोलेबनाए जाते हैं। प्रत्येक छोटेगोलेकी जिज्या, बडेगोलेकी जिज्या का 1/6 है। सभी छोटेगोलो ंके वक्र पृष्ठीय क्षेिफलो ंका योग (cm² में) क्या होगा?<br><br>(a) 31276<br>(b) 36194<br>(c) 25182<br>(d) 33264				40	Source::AbhasSaini 5. Mathematics::Mensuration
A hollow sphere is melted to form small identical hollow spheres. Inner and outer radius of the bigger sphere are 6 cm and 8 cm respectively. If inner and outer radii of the smaller sphere are 3 cm and 4 cm respectively, then how many smaller spheres can be formed ? एक खोखलेगोलेको जपघलाकर समान छोटेखोखलेगोलेबनाए जातेहैं। बडेगोलेकी आंतररक और बाहरी जिज्या क्रमशः 6 cm और 8 cm है। छोटेगोलेकी आंतररक और बाहरी जिज्या क्रमशः 3 cm और 4 cm है। ऐसेजकतनेछोटेगोलेबनाए जा सकतेहैं?<br><br>(a) 4<br>(b) 8<br>(c) 6<br>(d) 12				40	Source::AbhasSaini 5. Mathematics::Mensuration
The surface area of a solid metallic sphere is 616 cm². It is melted and recast into a solid cone of height 28 cm. Find the diameter of the base of the cone so formed. (take, π = 22/7) एक ठोस धातुके गोलेका पृष्ठीय क्षेिफल 616 cm² है। इसे जपघलाकर 28 cm ऊँ चाई वालेएक ठोस शंकुमेंढाला जाता है। बनेहुए शंकुकेआधार का व्यास ज्ञात कीजजए। (π = 22/7 लें)<br><br>(a) 16 cm<br>(b) 12 cm<br>(c) 10 cm<br>(d) 14 cm				40	Source::AbhasSaini 5. Mathematics::Mensuration
A hemispherical depression of diameter 4 cm is cut out from each face of a cubical block of sides 10 cm. Find the surface area of the remaining solid (in cm²). 10 cm भुजा वालेएक घन के प्रत्येक फलक से4 cm व्यास का एक अधषगोलाकार गड्ढा काटा जाता है। शेर् ठोस का पृष्ठीय क्षेिफल (cm² में) ज्ञात कीजजए।<br><br>(a) 900 4/7<br>(b) 112 4/7<br>(c) 675 3/7<br>(d) 713 1/7				40	Source::AbhasSaini 5. Mathematics::Mensuration
A sphere of radius 28 cm is cut into 8 identical parts by cuts (1 cut along each axis). What will be the total surface area (in cm²) of each part ? 28 cm जिज्या वालेएक गोलेको 3 परस्पर लंब अक्षो ंके अनुजदश काटकर 8 समान भागो ंमेंजवभाजजत जकया जाता है। प्रत्येक भाग का कु ल पृष्ठीय क्षेिफल (cm² में) क्या होगा?<br><br>(a) 4440<br>(b) 3080<br>(c) 3480<br>(d) 3560				40	Source::AbhasSaini 5. Mathematics::Mensuration
A solid hemisphere is drilled with a cylindrical with radius R/2 hole through its center. If the height of the removed cylinder equals the hemisphere’s radius R, find the ratio of the volume removed to the volume remaining. एक ठोस अधधगोलेके कें द्र सेR/2 त्रिज्या का एक बेलनाकार छे द त्रकया जाता है। यत्रद त्रनकालेगए बेलन की ऊँ चाई, अधधगोलेकी त्रिज्या के R के बराबर है, तो त्रनकालेगए आयतन और शेष आयतन का अनुपात ज्ञात कीत्रजए।<br><br>(a) 5:1<br>(b) 5:4<br>(c) 3:4<br>(d) 3:5				40	Source::AbhasSaini 5. Mathematics::Mensuration
A cylinder of radius 10 cm and height 30 cm is cut, parallel to the base, into two pieces of different sizes. The total surface area of the larger piece formed is 70% of that of the given cylinder. The smaller piece is melted and made into a sphere. The radius (in cm) of the sphere is ? 10 cm त्रिज्या और 30 cm ऊँ चाई वालेएक बेलन को उसके आधार के समाांतर काटकर दो असमान भाग बनाए जातेहैं। बने हुए बडेभाग का कु ल पृष्ठीय क्षेिफल, मूल बेलन के कु ल पृष्ठीय क्षेिफल का 70% है। छोटेभाग को त्रपघलाकर एक गोला बनाया जाता है। गोलेकी त्रिज्या (cm में) क्या होगी?<br><br>(a) ∛844<br>(b) ∛986<br>(c) ∛900<br>(d) ∛821				40	Source::AbhasSaini 5. Mathematics::Mensuration
From a solid sphere of radius 15 cm a right circular cylinder hole of radius 9 cm whose axis passing through the centre is removed. Find the total surface area of the remaining shape ? 15 cm त्रिज्या वालेएक ठोस गोलेके कें द्र सेहोकर 9 cm त्रिज्या का एक लम्ब वृत्तीय बेलनाकार छे द त्रनकाला जाता है। शेष आकृ त्रत का कु ल पृष्ठीय क्षेिफल ज्ञात कीत्रजए।<br><br>(a) 1188π<br>(b) 1152π<br>(c) 1170π<br>(d) 1444π				40	Source::AbhasSaini 5. Mathematics::Mensuration
Find the volume of the largest sphere that can be cut from a wooden cube of side 21 cm ? 21 cm भुजा वालेएक लकडी के घन सेकाटेजा सकनेवाले सबसेबडेगोलेका आयतन ज्ञात कीत्रजए।<br><br>(a) 3851 cm³<br>(b) 6858 cm³<br>(c) 4851 cm³<br>(d) 5821 cm³				40	Source::AbhasSaini 5. Mathematics::Mensuration
A sphere of maximum volume is cut out from a solid hemisphere. What is the ratio of the volume of the sphere to that of the remaining solid ? एक ठोस अधधगोलेमेंसेअत्रधकतम सांभव आयतन वाला एक गोला काटा जाता है। गोलेकेआयतन और शेष ठोस के आयतन का अनुपात क्या होगा?<br><br>(a) 1:4<br>(b) 1:3<br>(c) 1:1<br>(d) 1:2				40	Source::AbhasSaini 5. Mathematics::Mensuration
A right circular cone of largest volume is cut out from a solid wooden hemisphere. The remaining material is what percentage of the volume of the original hemisphere ? एक ठोस लकडी के अधधगोलेमेंसेअत्रधकतम सांभव आयतन वाला एक लम्ब वृत्तीय शांकुकाटा जाता है। शेष पदाथध, मूल अधधगोलेके आयतन का त्रकतनेप्रत्रतशत होगा?<br><br>(a) 75%<br>(b) 33½%<br>(c) 50%<br>(d) 66⅔%				40	Source::AbhasSaini 5. Mathematics::Mensuration
The base of a right prism is a triangle with sides 14 cm, 48 cm and 50 cm. Its height is 30 cm. The lateral surface area (in cm²) and the volumes (in cm³) are respectively. एक समकोण त्रप्रज्म का आधार 14 cm, 48 cm और 50 cm भुजाओांवाला त्रिभुज है। उसकी ऊँ चाई 30 cm है। त्रप्रज्म का पार्श्धपृष्ठीय क्षेिफल (cm² में) और आयतन (cm³ में) क्रमशः क्या हो ांगे?<br><br>(a) 3360 and 7680<br>(b) 3560 and 10080<br>(c) 2360 and 9080<br>(d) 3360 and 10080				40	Source::AbhasSaini 5. Mathematics::Mensuration
The base of a prism is an equilateral triangle whose side is 8 cm. If the height of the prism is 12√3 cm then, what is the total surface area & volume of the prism ? एक त्रप्रज्म का आधार 8 cm भुजा वाला समबाहु त्रिभुज है। यत्रद त्रप्रज्म की ऊँ चाई 12√3 cm है, तो त्रप्रज्म का कु ल पृष्ठीय क्षेिफल और आयतन क्या होगा?<br><br>(a) 350√3 cm² & 576 cm³<br>(b) 320√3 cm² & 576 cm³<br>(c) 325√3 cm² & 520 cm³<br>(d) 330√3 cm² & 550 cm³				40	Source::AbhasSaini 5. Mathematics::Mensuration
A display stand is shaped like a right triangular prism. The triangular base is a right-angled triangle with perpendicular sides measuring 3 cm and 4 cm. The height of the prism is 10 cm. What is the ratio of the area of the largest rectangular face to the area of the smallest rectangular face of the prism? एक त्रडस्प्लेस्टैंड एक समकोण त्रिभुजाकार त्रप्रज्म के आकार का है। इसका त्रिभुजाकार आधार एक समकोण त्रिभुज हैत्रजसकी लम्ब भुजाएँ3 cm और 4 cm हैं। त्रप्रज्म की ऊँ चाई 10 cm है। त्रप्रज्म के सबसेबडेआयताकार फलक और सबसेछोटे आयताकार फलक के क्षेिफलो ांका अनुपात क्या होगा?<br><br>(a) 3:2<br>(b) 4:3<br>(c) 5:3<br>(d) 2:3				40	Source::AbhasSaini 5. Mathematics::Mensuration
A carpenter creates a long beam in the shape of a right prism whose base is a right-angled triangle. The legs of the triangular base measure 0.6 m and 0.8 m. The beam is 4.5 m long. If the wood used has a density of 0.75 g/cm³, find the mass of the beam in kilograms. (Give your answer to two decimal places) एक बढ़ई एक लांबी बीम बनाता हैजो समकोण त्रिभुजाकार त्रप्रज्म केआकार की है। उसके त्रिभुजाकार आधार की लम्ब भुजाएँ0.6 m और 0.8 m हैं। बीम की लांबाई 4.5 m है। यत्रद लकडी का घनत्व 0.75 g/cm³ है, तो बीम का द्रव्यमान त्रकलोग्राम मेंज्ञात कीत्रजए। (उत्तर दो दशमलव तक दीत्रजए)<br><br>(a) 810 kg<br>(b) 792 kg<br>(c) 825 kg<br>(d) 780 kg				40	Source::AbhasSaini 5. Mathematics::Mensuration
A right prism has a rectangular base with dimensions 6 cm and 10 cm. The height of the prism is 18 cm. Find the total surface area of the prism ? एक समकोण त्रप्रज्म का आधार 6 cm और 10 cm आयाम वाला आयत है। त्रप्रज्म की ऊँ चाई 18 cm है। त्रप्रज्म का कु ल पृष्ठीय क्षेिफल ज्ञात कीत्रजए।<br><br>(a) 696 cm²<br>(b) 432 cm²<br>(c) 480 cm²<br>(d) 520 cm²				40	Source::AbhasSaini 5. Mathematics::Mensuration
A prism has a square base whose side is 10 cm. The height of prism is 40 cm. The prism is cut into 10 identical parts by 9 cuts which are parallel to base of prism. What is the total surface area (in cm²) of all the 10 parts together ? एक त्रप्रज्म का आधार 10 cm भुजा वाला वगधहै। त्रप्रज्म की ऊँ चाई 40 cm है। इसे आधार के समाांतर 9 कट लगाकर 10 समान भागो ांमेंकाटा जाता है। सभी 10 भागो ां का कु ल पृष्ठीय क्षेिफल (cm² में) क्या होगा?<br><br>(a) 3200<br>(b) 3600<br>(c) 3800<br>(d) 4000				40	Source::AbhasSaini 5. Mathematics::Mensuration
The base of right prism is a trapezium whose parallel sides are 10 cm and 16 cm and the distance between them is 8 cm. If the volume of the prism is 1622.4 cm³, then the height (in cm) of the prism will be ? एक समकोण त्रप्रज्म का आधार समलांब हैत्रजसकी समानाांतर भुजाएँ10 cm और 16 cm हैंतथा उनके बीच की दूरी 8 cm है। यत्रद त्रप्रज्म का आयतन 1622.4 cm³ है, तो त्रप्रज्म की ऊँ चाई (cm में) क्या होगी?<br><br>(a) 14.2<br>(b) 14.8<br>(c) 15.6<br>(d) 15.2				40	Source::AbhasSaini 5. Mathematics::Mensuration
A glass manufacturer designs prism-shaped display tanks for exotic fish. Each tank is in the shape of a right prism with a trapezium as the base. The parallel sides of the trapezium are 18 cm and 12 cm, and the distance between them is 10 cm. The height of the prism (tank) is 50 cm. If the company produces 25 such tanks, what is the total volume of glass used in all the tanks ? एक काँच त्रनमाधता त्रवदेशी मछत्रलयो ांके त्रलए त्रप्रज्म आकार के त्रडस्प्लेटैंक बनाता है। प्रत्येक टैंक एक समकोण त्रप्रज्म हैत्रजसका आधार समलांब है। समलांब की समानाांतर भुजाएँ18 cm और 12 cm हैंतथा उनके बीच की दूरी 10 cm है। त्रप्रज्म (टैंक) की ऊँ चाई 50 cm है। यत्रद कां पनी ऐसे25 टैंक बनाती है, तो सभी टैंको ांका कु ल आयतन त्रकतना होगा?<br><br>(a) 1,75,000 cm³<br>(b) 1,87,500 cm³<br>(c) 1,92,000 cm³<br>(d) 2,00,000 cm³				40	Source::AbhasSaini 5. Mathematics::Mensuration
A right prism has a regular pentagonal base of side length 7 cm and height 16 cm. Find the lateral surface area ? एक समकोण त्रप्रज्म का आधार 7 cm भुजा वाला सम पांचभुज हैऔर उसकी ऊँ चाई 16 cm है। उसका पार्श्धपृष्ठीय क्षेिफल ज्ञात कीत्रजए।<br><br>(a) 260 cm²<br>(b) 280 cm²<br>(c) 300 cm²<br>(d) 560 cm²				40	Source::AbhasSaini 5. Mathematics::Mensuration
The base of a right prism is a regular hexagon with a side length of 8 cm. The height of the prism is 15 cm. Find the volume of the prism ? एक समकोण त्रप्रज्म का आधार 8 cm भुजा वाला सम षट्भुज है। त्रप्रज्म की ऊँ चाई 15 cm है। त्रप्रज्म का आयतन ज्ञात कीत्रजए।<br><br>(a) 1536 cm³<br>(b) 2494 cm³<br>(c) 2048 cm³<br>(d) 2304 cm³				40	Source::AbhasSaini 5. Mathematics::Mensuration
A regular hexagonal base prism has height 8 cm and side of base is 4 cm. What is the total surface area (in cm²) of the prism ? एक सम षट्भुजाकार आधार वालेत्रप्रज्म की ऊँ चाई 8 cm हैऔर आधार की भुजा 4 cm है। त्रप्रज्म का कु ल पृष्ठीय क्षेिफल (cm² में) क्या होगा?<br><br>(a) 54(3+√3)<br>(b) 36(3+√3)<br>(c) 48(4+√3)<br>(d) 24(4+√3)				40	Source::AbhasSaini 5. Mathematics::Mensuration
A prism has a regular hexagonal base whose side is 12 cm. The height of the prism is 24 cm. It is cut into 4 equal parts by 2 perpendicular cuts. What is the sum of the total surface area of the four parts ? एक त्रप्रज्म का आधार 12 cm भुजा वाला सम षट्भुज है। त्रप्रज्म की ऊँ चाई 24 cm है। इसे2 परस्पर लम्ब कट लगाकर 4 बराबर भागो ांमेंकाटा जाता है। चारो ांभागो ांके कु ल पृष्ठीय क्षेिफल का योग क्या होगा?<br><br>(a) 1728 + 432√3<br>(b) 2880 + 1008√3<br>(c) 2880 + 432√3<br>(d) 1728 + 1008√3				40	Source::AbhasSaini 5. Mathematics::Mensuration
A decorative column is made in the shape of a regular hexagonal prism. The side length of its base is 10 cm. The column is built from multiple sections, and their heights form an arithmetic progression: the first section is 5 cm tall, and each subsequent section is 2 cm taller than the previous one. If the column has 4 sections in total, what is the total volume of the column ? एक सजावटी स्तांभ सम षट्भुजाकार त्रप्रज्म के आकार का है। उसकेआधार की भुजा 10 cm है। स्तांभ कई खांडो ांसेबना हैऔर उनकी ऊँ चाइयाँसमान्तर श्रेणी मेंहैं: पहला खांड 5 cm ऊँ चा हैऔर प्रत्येक अगला खांड त्रपछलेसे2 cm अत्रधक ऊँ चा है। यत्रद कु ल 4 खांड हैं, तो स्तांभ का कु ल आयतन क्या होगा?<br><br>(a) 4500√3 cm³<br>(b) 4800√3 cm³<br>(c) 4600√3 cm³<br>(d) 4200√3 cm³				40	Source::AbhasSaini 5. Mathematics::Mensuration
A right prism has a base that is a regular hexagon of side 6 cm. The height of the prism is 10 cm. A square cavity of side 2 cm is carved vertically through the center of the prism from top to bottom. Calculate the volume of the material remaining in the prism ? एक समकोण त्रप्रज्म का आधार 6 cm भुजा वाला सम षट्भुज है। त्रप्रज्म की ऊँ चाई 10 cm है। त्रप्रज्म के कें द्र सेऊपर सेनीचेतक 2 cm भुजा का एक वगाधकार खोखला भाग काटा गया है। शेष बचेपदाथधका आयतन ज्ञात कीत्रजए।<br><br>(a) 908.5 cm³<br>(b) 895.3 cm³<br>(c) 882.6 cm³<br>(d) 867.2 cm³				40	Source::AbhasSaini 5. Mathematics::Mensuration
An artist carves an ice sculpture in shape of a right triangular pyramid (base triangle: base 6 cm, height 4 cm, pyramid height 9 cm). What is the volume of ice used ? एक कलाकार बफध की मूत्रतधको एक समकोण त्रिभुजाकार त्रपरात्रमड के रूप मेंतराशता है। आधार त्रिभुज की आधार 6 cm और ऊँ चाई 4 cm है, तथा त्रपरात्रमड की ऊँ चाई 9 cm है। प्रयुक्त बफध का आयतन क्या होगा?<br><br>(a) 72 cm³<br>(b) 108 cm³<br>(c) 36 cm³<br>(d) 54 cm³				40	Source::AbhasSaini 5. Mathematics::Mensuration
The base of a regular right pyramid is an isosceles triangle with equal sides of 25 cm and a base of 30 cm. The slant height of the pyramid is 40 cm. Find the total surface area of the pyramid ? एक समकोण सम त्रपरात्रमड का आधार एक समत्रिबाहु त्रिभुज हैत्रजसकी समान भुजाएँ 25 cm और आधार 30 cm है। त्रपरात्रमड की त्रतयधक ऊँ चाई 40 cm है। त्रपरात्रमड का कु ल पृष्ठीय क्षेिफल ज्ञात कीत्रजए।<br><br>(a) 1700 cm²<br>(b) 2300 cm²<br>(c) 1900 cm²<br>(d) 1200 cm²				40	Source::AbhasSaini 5. Mathematics::Mensuration
The base of a right pyramid is an equilateral triangle with area 16√3 cm². If the area of one of its lateral faces is 30 cm², then its height (in cm) is ? एक समकोण त्रपरात्रमड का आधार 16√3 cm² क्षेिफल वाला समबाहु त्रिभुज है। यत्रद उसके एक पार्श्धफलक का क्षेिफल 30 cm² है, तो उसकी ऊँ चाई (cm में) क्या होगी?<br><br>(a) √643/12<br>(b) √739/12<br>(c) √611/12<br>(d) √209/12				40	Source::AbhasSaini 5. Mathematics::Mensuration
The base of a right pyramid is an equilateral triangle, the length of each side of which is 20 cm. Each slant edge is 30 cm. What will be the vertical height (in cm) of the pyramid ? एक समकोण त्रपरात्रमड का आधार समबाहु त्रिभुज हैत्रजसकी प्रत्येक भुजा 20 cm है। प्रत्येक त्रतरछी धार 30 cm है। त्रपरात्रमड की लम्बवत ऊँ चाई (cm में) क्या होगी?<br><br>(a) 10√23/3<br>(b) 10√3<br>(c) 5√23/3<br>(d) 5√3				40	Source::AbhasSaini 5. Mathematics::Mensuration
The base of a pyramid is an equilateral triangle, each side of which is 8 cm long. Its Slant edge is 24 cm. What is the total surface area (in cm²) of the pyramid ? एक त्रपरात्रमड का आधार समबाहु त्रिभुज हैत्रजसकी प्रत्येक भुजा 8 cm है। उसकी त्रतरछी धार 24 cm है। त्रपरात्रमड का कु ल पृष्ठीय क्षेिफल (cm² में) क्या होगा?<br><br>(a) 12√3+24√35<br>(b) 16√3+24√35<br>(c) 24√3+36√35<br>(d) 16√3+48√35				40	Source::AbhasSaini 5. Mathematics::Mensuration
A triangular display stand is shaped like a right pyramid with equilateral triangle base of side 12 cm and height 10 cm. What is the volume of the stand ? एक त्रिभुजाकार त्रडस्प्लेस्टैंड समकोण त्रपरात्रमड केआकार का हैत्रजसका आधार 12 cm भुजा वाला समबाहु त्रिभुज हैऔर ऊँ चाई 10 cm है। स्टैंड का आयतन क्या होगा?<br><br>(a) 312 cm³<br>(b) 254.8 cm³<br>(c) 374 cm³<br>(d) 207.8 cm³				40	Source::AbhasSaini 5. Mathematics::Mensuration
A regular right pyramid with an equilateral triangular base of side 18 cm is completely submerged in a cylindrical tank of radius 10 cm, initially filled with water to a height of 25 cm. The pyramid’s apex just touches the bottom of the tank. Given that the water level in the tank rises to 28 cm after the pyramid is submerged, find the perpendicular height of the pyramid (use √3 = 1.732 & π = 3.14) ? 18 cm भुजा वालेसमबाहु त्रिभुज आधार का एक समकोण सम त्रपरात्रमड 10 cm त्रिज्या वालेएक बेलनाकार टैंक मेंपूरी तरह डुबोया जाता है, त्रजसमेंप्रारांभ मेंपानी 25 cm ऊँ चाई तक भरा है। त्रपरात्रमड का शीषधटैंक के तलेको स्पशधकरता है। यत्रद त्रपरात्रमड डुबानेके बाद पानी का स्तर 28 cm हो जाता है, तो त्रपरात्रमड की लम्बवत ऊँ चाई ज्ञात कीत्रजए। (√3 = 1.732, π = 3.14 लें)<br><br>(a) 23 cm<br>(b) 27.12 cm<br>(c) 20.14 cm<br>(d) 28 cm				40	Source::AbhasSaini 5. Mathematics::Mensuration
A regular triangular pyramid is cut by 2 planes which are parallel to its base. The planes trisect the altitude of the pyramid. Volume of top, middle and bottom part is V1, V2 and V3 respectively. What is the value of V1:V2:V3 ? एक सम त्रिभुजाकार त्रपरात्रमड को उसकी आधार के समाांतर 2 तल सेकाटा जाता है। येतल त्रपरात्रमड की ऊँ चाई को तीन बराबर भागो ांमेंत्रवभात्रजत करतेहैं। ऊपर, बीच और नीचेवालेभागो ांकेआयतन क्रमशः V1, V2 और V3 हैं। V1:V2:V3 का मान क्या होगा?<br><br>(a) 1:8:27<br>(b) 1:8:19<br>(c) 2:9:27<br>(d) 1:7:19				40	Source::AbhasSaini 5. Mathematics::Mensuration
Find the height of a right Pyramid if its base is a square of side 24 cm and the volume of the pyramid is 8640 cm³. एक समकोण त्रपरात्रमड का आधार 24 cm भुजा वाला वगधहैऔर उसका आयतन 8640 cm³ है। त्रपरात्रमड की ऊँ चाई ज्ञात कीत्रजए।<br><br>(a) 45 cm<br>(b) 55 cm<br>(c) 35 cm<br>(d) 54 cm				40	Source::AbhasSaini 5. Mathematics::Mensuration
What is the total surface area of a pyramid whose base is a square of side 16 cm and height of the pyramid is 15 cm ? एक त्रपरात्रमड का आधार 16 cm भुजा वाला वगधहैऔर उसकी ऊँ चाई 15 cm है। त्रपरात्रमड का कु ल पृष्ठीय क्षेिफल क्या होगा?<br><br>(a) 786 cm²<br>(b) 800 cm²<br>(c) 684 cm²<br>(d) 744 cm²				40	Source::AbhasSaini 5. Mathematics::Mensuration
A right pyramid has a square base with side of base 12 cm and the height of pyramid is 40 cm. The pyramid is cut in four parts of equal heights by three planes parallel to its base. What is the ratio of the volume of the four parts ? एक समकोण त्रपरात्रमड का आधार 12 cm भुजा वाला वगधहैऔर त्रपरात्रमड की ऊँ चाई 40 cm है। इसेआधार के समाांतर 3 तल िारा चार समान ऊँ चाई वालेभागो ांमेंकाटा जाता है। चारो ांभागो ांकेआयतनो ांका अनुपात क्या होगा?<br><br>(a) 1:8:27:70<br>(b) 1:7:19:47<br>(c) 1:8:27:64<br>(d) 1:7:19:37				40	Source::AbhasSaini 5. Mathematics::Mensuration
A regular right square pyramid has a base side of 14 cm. An ant walks from one corner of the base to the midpoint of the slant edge opposite that corner by the shortest surface path. If the pyramid’s perpendicular height is 9 cm, find the lateral surface area ? एक समकोण सम वगाधकार त्रपरात्रमड के आधार की भुजा 14 cm है। एक ची ांटी आधार के एक कोनेसेत्रवपरीत त्रतरछी धार के मध्यत्रबांदुतक सबसेछोटेसतही पथ सेचलती है। यत्रद त्रपरात्रमड की लम्बवत ऊँ चाई 9 cm है, तो उसका पार्श्धपृष्ठीय क्षेिफल ज्ञात कीत्रजए।<br><br>(a) 302.12 cm²<br>(b) 383.33 cm²<br>(c) 319.25 cm²<br>(d) 356.36 cm²				40	Source::AbhasSaini 5. Mathematics::Mensuration
A monument shaped like a square-based pyramid is placed on top of a cuboidal stone base (1.2 m × 1.2 m × 0.5 m). The pyramid has the same base and is 1.5 m tall. Find the total height of the monument and its total volume ? एक स्मारक, वगाधकार आधार वालेत्रपरात्रमड के आकार का है, त्रजसे1.2 m × 1.2 m × 0.5 m आकार वालेघनाभाकार पत्थर केआधार पर रखा गया है। त्रपरात्रमड का आधार वही हैऔर उसकी ऊँ चाई 1.5 m है। स्मारक की कु ल ऊँ चाई और कु ल आयतन ज्ञात कीत्रजए।<br><br>(a) 2 m, 2.3 m³<br>(b) 2 m, 1.44 m³<br>(c) 2 m, 2.6 m³<br>(d) 2 m, 2.8 m³				40	Source::AbhasSaini 5. Mathematics::Mensuration
A regular right square pyramid has a base side of 8 cm. An insect crawls from a base corner to the midpoint of an opposite slant edge along the surface by the shortest route. If the perpendicular height of the pyramid is 15 cm, find the slant height ? एक समकोण सम वगाधकार त्रपरात्रमड के आधार की भुजा 8 cm है। एक कीडा आधार के एक कोनेसेत्रवपरीत त्रतरछी धार के मध्यत्रबांदुतक सबसेछोटेसतही पथ सेचलता है। यत्रद त्रपरात्रमड की लम्बवत ऊँ चाई 15 cm है, तो उसकी त्रतयधक ऊँ चाई ज्ञात कीत्रजए।<br><br>(a) 23.68 cm<br>(b) 15.52 cm<br>(c) 10.27 cm<br>(d) 22 cm				40	Source::AbhasSaini 5. Mathematics::Mensuration
Find the TSA of a pyramid with rectangular base whose length is 16 cm and width is 12 cm. If height of pyramid is 8 cm ? एक आयताकार आधार वालेत्रपरात्रमड की लांबाई 16 cm, चौडाई 12 cm और ऊँ चाई 8 cm है। उसका कु ल पृष्ठीय क्षेिफल ज्ञात कीत्रजए।<br><br>(a) 352+96√2<br>(b) 240+90√2<br>(c) 324+96√2<br>(d) none				40	Source::AbhasSaini 5. Mathematics::Mensuration
Find the total surface area of pyramid whose base is a regular hexagon of side 4 cm and height √15 cm ? एक त्रपरात्रमड का आधार 4 cm भुजा वाला सम षट्भुज हैऔर उसकी ऊँ चाई √15 cm है। त्रपरात्रमड का कु ल पृष्ठीय क्षेिफल ज्ञात कीत्रजए।<br><br>(a) 60√3 cm²<br>(b) 40√3 cm²<br>(c) 75√3 cm²<br>(d) 80√3 cm²				40	Source::AbhasSaini 5. Mathematics::Mensuration
Find the TSA of a tetrahedron whose height is 4√2 cm ? एक समचतुष्फलक (tetrahedron) की ऊँ चाई 4√2 cm है। उसका कु ल पृष्ठीय क्षेिफल (TSA) ज्ञात कीत्रजए।<br><br>(a) 42√3 cm² (b) 48√3 cm²<br>(c) 32√3 cm² (d) 36√3 cm²				40	Source::AbhasSaini 5. Mathematics::Mensuration
Find the volume of a tetrahedron with side 3√2 cm ? 3√2 cm भुजा वालेएक समचतुष्फलक (tetrahedron) का आयतन ज्ञात कीत्रजए।<br><br>(a) 12 cm³ (b) 9 cm³<br>(c) 9√2 cm³ (d) 6√2 cm³				40	Source::AbhasSaini 5. Mathematics::Mensuration
The volume of a tetrahedron is 18√2, then find its TSA ? एक समचतुष्फलक (tetrahedron) का आयतन 18√2 है। उसका कु ल पृष्ठीय क्षेिफल (TSA) ज्ञात कीत्रजए।<br><br>(a) 18√3 (b) 27√3<br>(c) 36√3 (d) 45√3				40	Source::AbhasSaini 5. Mathematics::Mensuration
A water tank is shaped like a composite prism: the bottom part is a triangular prism with base area 60 cm² and height 1.2 m, while the top part is a rectangular prism with base 40 cm x 30 cm and height 0.8 m. What is the total volume of the tank in liters? (1 m³ = 1000 L) एक पानी की टांकी एक त्रमत्रश्रत त्रप्रज्म केआकार की हैः त्रनचला भाग एक त्रिभुजाकार त्रप्रज्म हैत्रजसका आधार क्षेिफल 60 वगधसेमी और ऊँ चाई 1.2 मीटर है, जबत्रक ऊपरी भाग एक आयताकार त्रप्रज्म हैत्रजसका आधार 40 सेमी 30 सेमी और ऊँ चाई 0.8 मीटर है। टांकी का कु ल आयतन लीटर मेंत्रकतना है? (1 वगधमीटर = 1000 लीटर)<br><br>103.2 लीटर<br>134.4 लीटर<br>153.6 लीटर<br>172.8 लीटर				40	Source::AbhasSaini 5. Mathematics::Mensuration
An ancient temple has a regular right square pyramid as its spire. The base edge is 20 meters, and the height from the base to the apex is 15 meters. The pyramid is hollow inside, with walls 1 meter thick. Find the volume of material used to construct the pyramid (i.e., the volume of the outer pyramid minus the inner hollow one). asked in ssc dp hcm एक प्राचीन मांत्रदर के त्रशखर पर एक समकोण वगाधकार त्रपरात्रमड है। इसका आधार 20 मीटर का वगधहैतथा शीषधतक की ऊँ चाई 15 मीटर है। यह त्रपरात्रमड खोखला हैऔर इसकी दीवारो ांकी मोटाई 1 मीटर है। उस सामग्री का आयतन ज्ञात कीत्रजए जो बाहरी त्रपरात्रमड सेआांतररक ररक्त स्प्थान घटाकर प्रयुक्त की गई है।<br><br>a) 542 m³<br>b) 556 m³<br>c) 572 m³<br>d) 442 m³				40	Source::AbhasSaini 5. Mathematics::Mensuration
Find the volume of iron required to make an open box whose external dimensions are 36cm × 25cm × 16.5cm, the box beign 1.5 cm thick throughout. If 1cm³ of iron weighs 8.5 grams, find the weight of the empty box in kilograms. प्रश्न: एक खुलेबक्सेको बनानेके त्रलए आवश्यक लोहेका आयतन ज्ञात कीत्रजए, त्रजसके बाह्य आयाम 36 सेमी × 25 सेमी × 16.5 सेमी हैंऔर त्रजसकी मोटाई 1.5 सेमी है। यत्रद 1 घन सेमी लोहेका वजन 8.5 ग्राम है, तो खाली बक्सेका वजन त्रकलोग्राम मेंज्ञात कीत्रजए।<br><br>(a) 35 kg (b) 33.66 kg (c) 32.33 kg (d) 34.5 kg				40	Source::AbhasSaini 5. Mathematics::Mensuration
The dimensions of an open box are 50 cm, 40 cm and 23 cm. Its thickness is 3 cm. If 1 cubic cm of metal used in the box weighs 0.5 gms, find the weight of the box. प्रश्न: एक खुलेबक्सेकेआयाम 50 सेमी, 40 सेमी और 23 सेमी हैं। इसकी मोटाई 3 सेमी है। यत्रद बक्सेमेंप्रयुक्त 1 घन सेमी धातुका वजन 0.5 ग्राम है, तो बक्सेका वजन ज्ञात कीत्रजए।<br><br>(a) 6.2 kg (b) 12kg (c) 7.99 kg (d) 8.04 kg				40	Source::AbhasSaini 5. Mathematics::Mensuration
A closed wooden box measures externally 10 cm long. 8 cm broad and 6 cm high. If the thickness of the wood is 0.5 cm, then the volume of wood required is ? प्रश्न: एक बांद लकडी के बक्सेकी बाह्य माप 10 सेमी लांबी, 8 सेमी चौडी और 6 सेमी ऊां ची है। यत्रद लकडी की मोटाई 0.5 सेमी है, तो आवश्यक लकडी का आयतन त्रकतना होगा?<br><br>(a) 165 cm³ (b) 300 cm³ (c) 230 cm³ (d) 150 cm³				40	Source::AbhasSaini 5. Mathematics::Mensuration
Two identical regular right pyramids, each with a square base of side 6 cm and a perpendicular height of 4 cm, are stacked one on top of the other such that their bases perfectly align. The top pyramid is inverted. Calculate the slant height of a single pyramid ? दो समान समकोण सम वगााकार पिरापमड, पिनमेंप्रत्येक का आधार 6 cm भुिा वाला वगाहैऔर लम्बवत ऊँ चाई 4 cm है, एक के ऊिर एक इस प्रकार रखेिातेहैंपक उनकेआधार िूरी तरह पमलतेहैं। ऊिर वाला पिरापमड उल्टा रखा गया है। एक पिरापमड की पतयाक ऊँ चाई ज्ञात कीपिए।<br><br>(a) 23 cm<br>(b) 8 cm<br>(c) 11 cm<br>(d) 5 cm				40	Source::AbhasSaini 5. Mathematics::Mensuration
The height of a right prism with a square base 15cm. If the area of the total surface of the prism is 608 sq. cm its volume is? एक वगााकर आधार वालेपप्रज्म की ऊं चाई 15 cm है, यपद इस पप्रज्म का कु ल िृष्ठ क्षेत्रफल 608sq. cm है, तब इसका आयतन होगा ?<br><br>a)910 b)920 c) 960 d) 980				40	Source::AbhasSaini 5. Mathematics::Mensuration
Volume of frustum with square base is 4432 cm³. The difference between the perimeter of its bases is 40 cm and the difference of area of the lower and upper bases is 380 cm². Find the height of the frustum ? वगााकार आधार वालेएक पिन्नक का आयतन 4432 cm³ है। उसके दोनो ंआधारो ंके िररमािो ंका अंतर 40 cm हैतथा पनचले और ऊिरी आधारो ंके क्षेत्रफलो ंका अंतर 380 cm² है। पिन्नक की ऊँ चाई ज्ञात कीपिए।<br><br>(a) 13<br>(b) 12<br>(c) 17<br>(d) 18				40	Source::AbhasSaini 5. Mathematics::Mensuration
Find the volume of a frustum with square base, the sides of whose base and top are 30 cm and 20 cm respectively and each of the slant height of frustum is 13 cm ? एक वगााकार आधार वालेपिन्नक के पनचलेऔर ऊिरी आधार की भुिाएँक्रमशः 30 cm और 20 cm हैंतथा पिन्नक की प्रत्येक पतयाक ऊँ चाई 13 cm है। उसका कु ल िृष्ठीय क्षेत्रफल और आयतन ज्ञात कीपिए।<br><br>(a) 7600 cm³<br>(b) 6200 cm³<br>(c) 7500 cm³<br>(d) 8100 cm³				40	Source::AbhasSaini 5. Mathematics::Mensuration
For a plot of land of 100m x 80m, the level is to be raised by spreading the earth from a stack of a rectangular base 10m x 8m with vertical section being a trapezium of height 2 m. The top of the stack is 8mx 5m. By how many cm (approx) can the level be raised? 100 मीटर x 80 मीटर की भूपम के एक भूखंड के पलए, एक आयताकार आधार 10 मीटर x 8 मीटर के ढेर सेिृथ्वी को फै लाकर स्तर उठाया िाना है, पिसमेंऊर्ध्ााधर खेड़ 2 मीटर ऊं चाई का एक समलम्ब है। ढेर का शीर्ा8m x 5m है। स्तर को (लगभग) पकतनेसेमी तक बढाया िा सकता है?<br><br>A.3cm<br>B.2.5cm<br>C.2cm<br>D.1.5cm				40	Source::AbhasSaini 5. Mathematics::Mensuration
An ancient temple has a regular right square pyramid as its spire. The base edge is 20 meters, and the height from the base to the apex is 15 meters. The pyramid is hollow inside, with walls 1 meter thick. Find the volume of material used to construct the pyramid (i.e., the volume of the outer pyramid minus the inner hollow one). asked in ssc dp hcm एक प्राचीन मंपदर के पशखर िर एक समकोण वगााकार पिरापमड है। इसका आधार 20 मीटर का वगाहैतथा शीर्ातक की ऊँ चाई 15 मीटर है। यह पिरापमड खोखला हैऔर इसकी दीवारो ंकी मोटाई 1 मीटर है। उस सामग्री का आयतन ज्ञात कीपिए िो बाहरी पिरापमड सेआंतररक ररक्त स्थान घटाकर प्रयुक्त की गई है।<br><br>a) 542 m³<br>b) 556 m³<br>c) 572 m³<br>d) 442 m³				40	Source::AbhasSaini 5. Mathematics::Mensuration
A right circular solid cylinder has radius of base 7 cm and height is 28 cm. It is melted to form a cuboid such that the ratio of its side is 2 ∶ 3 ∶ 6. What is the total surface area (in cm2) cuboid? एक ठोस लंब वतुाल बेलन की पत्रज्या 7 सेमी और ऊं चाई 28 सेमी है। इसेपिघलाकर एक घनाभ इस प्रकार बनाया िाता हैपक इसकी भुिाओंका अनुिात 2 ∶ 3 ∶ 6 है। घनाभ का कु ल िृष्ठीय क्षेत्रफल (सेमी2 में) क्या है?				40	Source::AbhasSaini 5. Mathematics::Mensuration
				40	Source::AbhasSaini 5. Mathematics::Mensuration
A large solid sphere is melted and moulded to form identical right circular cones with base radius and height same as the radius of the sphere. One of these cones is melted and moulded to form a smaller solid sphere, then ratio of the area of the smaller to the surface area of the larger sphere is: एक बड़े ठोस गोले को पिघलाया जाता है और आधार त्रिज्या और गोले की त्रिज्या के समान ऊँचाई वाले समकोण वृत्तीय शंकु बनाने के लिए ढाला जाता है। इन शंकुओं में से एक को पिघलाकर एक छोटा ठोस गोला बनाया जाता है, तो छोटे के क्षेत्रफल का बड़े गोले के पृष्ठीय क्षेत्रफल से अनुपात है:				40	Source::AbhasSaini 5. Mathematics::Mensuration
A well of diameter 3 m is dug 14 m deep. The earth taken out of it has been spread evenly all around it in the shape of a circular ring of width 4 m to form an embankment. Find the height of the embankment. 3 मीटर व्यास का एक कु आं 14 मीटर गहरा खोदा गया है। इसमेंसेपनकाली गई पमट्टी को 4 मीटर चौड़ेएक वृत्ताकार वलय केआकार मेंएक तटबंध बनानेके पलए उसके चारो ंओर समान रूि सेफै लाया गया है। तटबंध की ऊँ चाई ज्ञात कीपिए।<br><br>1.125<br>1.5<br>1.25<br>12				40	Source::AbhasSaini 5. Mathematics::Mensuration
A cylindrical cane whose base is horizontal is of internal radius 3.5 cm contain sufficient water so that when a solid sphere of maximum size is placed, water just immersed it. Calculate the depth of water in the cane before the sphere was put. एक चक्रीय बेंत पिसका आधार क्षैपति है, आंतररक पत्रज्या 3.5 सेमी है, उसमेंियााप्त िानी होता हैतापक िब अपधकतम आकार का एक ठोस गोला रखा िाए, तो िानी उसमेंडू ब िाए। गोला डालनेसेिहलेबेंत मेंिानी की गहराई की गणना करें।<br><br>7/4<br>7/3<br>3/7<br>4/7				40	Source::AbhasSaini 5. Mathematics::Mensuration
The base radius and slant height of a conical vessel is 3cm and 6cm respectively. find the volume of sufficient water in the vessel such that when a sphere of radius 1 cm is placed into it, water just immersed in it ? एक शंक्वाकार बतान की आधार पत्रज्या और पतरिी ऊँ चाईक्रमशः 3 सेमी और 6 सेमी है। बतान मेंियााप्त िानी का आयतन ज्ञात कीपिए पक िब इसमें1 सेमी पत्रज्या का एक गोला रखा िाता है, तो िानी बस उसमें डू ब िाता है?<br><br>5PI/3<br>4PI/3<br>1<br>0				40	Source::AbhasSaini 5. Mathematics::Mensuration
A solid sphere has a radius 21 cm. It is melted to form a cube. 20% material is wasted in this process. The cube is melted to form hemisphere. In this process 20% material is wasted. The hemisphere is melted to form two spheres of equal radius. 20% material was also wasted in this process. What is the radius (in cm) of each new sphere? एक ठोस गोलेकी पत्रज्या 21 सेमी है। इसेपिघलाकर एक घन बनाया िाता है। इस प्रपक्रया में20% सामग्री ख़राब हो िाती है। घन को पिघलाकर अधागोला बनाया िाता है। इस प्रपक्रया में20% सामग्री ख़राब हो िाती है। अधागोलेको पिघलाकर समान पत्रज्या वालेदो गोले बनायेिातेहैं। इस प्रपक्रया मेंभी 20% सामग्री ख़राब हो िाती है। प्रत्येक नए गोलेकी पत्रज्या (सेमी में) क्या है?<br><br>1) 4.2<br>2) 2.2<br>3) 2.2<br>4) 8.4				40	Source::AbhasSaini 5. Mathematics::Mensuration
A sphere of radius r is cut by a plane at a distance of h from its center, thereby breaking the sphere into two different pieces. The commutative surface are of two pieces is 25% more than that of sphere. Find h? एक पत्रज्या का एक गोला इसके कें द्र सेकी दूरी िर एक सतह द्वारा काटा िाता है, पिससेगोला दो अलग-अलग टुकड़ो ंमेंटू ट िाता है। िो सतह दो टुकड़ो ंकी होती हैवह आयतन मेंगोलाकार की तुलना में25% अपधक होती है। h का मान बताए?				40	Source::AbhasSaini 5. Mathematics::Mensuration
A large cuboid-shaped container has the following dimensions: length = 15 meters, width = 8 meters, and height = 6 meters. A cube-shaped object with an edge length of 4 meters is placed inside the container. How many such cubes can be placed inside the container without any part sticking out ? एक बड़ेघनाभाकार कं टेनर केआयाम इस प्रकार हैं: लंबाई = 15 मीटर, चौड़ाई = 8 मीटर और ऊँ चाई = 6 मीटर। 4 मीटर भुिा वाला एक घनाकार वस्तुकं टेनर के अंदर रखा िाता है। ऐसे पकतनेघन कं टेनर के अंदर रखेिा सकतेहैंतापक कोई भाग बाहर न पनकले?<br><br>(a) 12<br>(b) 8<br>(c) 6<br>(d) 10				40	Source::AbhasSaini 5. Mathematics::Mensuration
If the volume of a cuboid is 3x²−27, then its possible dimensions are ? यपद पकसी घनाभ का आयतन 3x²−27 है, तो उसके संभापवत आयाम क्या हो सकतेहैं? , 27x<br><br>(a) 3, x², −27x<br>(b) 3, 3, 3<br>(c) 3, x−3, x+3<br>(d) 3, x²				40	Source::AbhasSaini 5. Mathematics::Mensuration
The diagonals of three faces of a rectangular parallelepiped that meet at a single corner measure √5 cm, √10 cm, and √13 cm. What is the volume of this parallelepiped ? एक आयताकार समांतर चतुभुाि (rectangular parallelepiped) के एक ही कोनेिर पमलनेवालेतीन फलो ंके पवकणाक्रमशः √5 cm, √10 cm और √13 cm हैं। इस ठोस का आयतन क्या होगा?<br><br>(a) 6 cm³<br>(b) 24 cm³<br>(c) 18 cm³<br>(d) 12 cm³				40	Source::AbhasSaini 5. Mathematics::Mensuration
The base of a right prism is an isosceles trapezium with parallel sides measuring 10 cm and 20 cm, and non-parallel sides measuring 13 cm each. The volume of the prism is 3240 cm³. What is the total surface area of the prism ? एक समकोण पप्रज्म का आधार एक समपद्वबाहु समलंब है पिसकी समानांतर भुिाएँ10 cm और 20 cm हैंतथा अन्य भुिाएँ13 cm प्रत्येक हैं। पप्रज्म का आयतन 3240 cm³ है। पप्रज्म का कु ल िृष्ठीय क्षेत्रफल क्या होगा?<br><br>(a) 2120 cm²<br>(b) 1368 cm²<br>(c) 1940 cm²<br>(d) 1620 cm²				40	Source::AbhasSaini 5. Mathematics::Mensuration
The base of pyramid is a regular hexagon of side 2a cm. If every slant height of pyramid is of length 5a/2 cm, then the volume of this pyramid is एक पिरापमड का आधार 2a cm भुिा वाला सम र्ट्भुि है। यपद पिरापमड की प्रत्येक पतयाक ऊँ चाई 5a/2 cm है, तो पिरापमड का आयतन क्या होगा?<br><br>(a) 3a³<br>(b) 3a³√2<br>(c) 3a³√3<br>(d) 6a³				40	Source::AbhasSaini 5. Mathematics::Mensuration
The base of a right prism is a Quadrilateral ABCD, given that AB = 9 cm, BC = 14 cm, CD = 13 cm and DA = 12 cm and ∠DAB = 90°, if the volume of the prism be 2070 cm³ then the area of the lateral surface is ? एक समकोण पप्रज्म का आधार चतुभुाि ABCD हैपिसमें AB = 9 cm, BC = 14 cm, CD = 13 cm और DA = 12 cm तथा ∠DAB = 90° है। यपद पप्रज्म का आयतन 2070 cm³ है, तो पप्रज्म के िार्श्ािृष्ठ का क्षेत्रफल क्या होगा?<br><br>(a) 650<br>(b) 720<br>(c) 750<br>(d) 700				40	Source::AbhasSaini 5. Mathematics::Mensuration
A thread is wound on a cylinder such that it makes exactly twenty-four complete turns around the cylinder. The two ends of thread touch the top and bottom of cylinder. If cylinder has a perimeter of 15 cm and its curved surface area is 2880 cm² then find the length of the string ? एक धागा एक बेलन िर इस प्रकार लिेटा गया हैपक वह बेलन के चारो ंओर ठीक 24 िूणाचक्कर लगाता है। धागेके दोनो ंपसरेबेलन के ऊिर और नीचेको स्पशाकरतेहैं। यपद बेलन की िररपध 15 cm हैऔर उसका वक्र िृष्ठीय क्षेत्रफल 2880 cm² है, तो धागेकी लंबाई क्या होगी?<br><br>(a) 288 cm<br>(b) 408 cm<br>(c) 384 cm<br>(d) 315 cm				40	Source::AbhasSaini 5. Mathematics::Mensuration
