Question	Answer	Basic Solution	Short Solution/Trick	Target Time	Tags
0.007 is equivalent to 0.007 किसिे बराबर है?<br><br>(a) 7%<br>(b) 0.7%<br>(c) 0.07%<br>(d) 70%				40	Source::AbhasSaini 5.Mathematics::Percentage
2.34 expressed as a percent of 3.9 is 3.9 िे प्रकिशि िे रूप में2.34 कििना होगा?<br><br>(a) 6%<br>(b) 0.6%<br>(c) 0.06%<br>(d) 60%				40	Source::AbhasSaini 5.Mathematics::Percentage
What is 5% of 50% of 500? 500 िे 50% िा 5% कििना है?<br><br>(a) 12.5<br>(b) 25<br>(c) 1.25<br>(d) 6.25				40	Source::AbhasSaini 5.Mathematics::Percentage
If A is 85% of B and B is 60% of C. If A + B + C is 211 then find the value of B + 2C − 4A यकि A, B िा 85% हैऔर B, C िा 60% है। यकि A + B + C = 211 हो, िो B + 2C − 4A िा मान ज्ञाि िरें।<br><br>(a) 56<br>(b) 52<br>(c) 50<br>(d) 48				40	Source::AbhasSaini 5.Mathematics::Percentage
A is 120% of B and B is 65% of C. If the sum of A, B and C is 121.5, then the value of C − 2B + A is यकि A, B िा 120% हैऔर B, C िा 65% है। यकि A + B + C = 121.5 हो, िो C − 2B + A िा मान ज्ञाि िरें।<br><br>(a) 14<br>(b) 35<br>(c) 24<br>(d) 39				40	Source::AbhasSaini 5.Mathematics::Percentage
Two numbers A and B are such that the sum of 5% of A and 6% of B is equal to the sum of 7% of A and 4.4% of B, then what is the value of B : A ? िो संख्याएँA और B ऐसी हैंकि A िा 5% और B िा 6% िा योग, A िे 7% और B िे 4.4% िे योग िे बराबर है। िो B : A िा मान क्या है?<br><br>(a) 5 : 4<br>(b) 4 : 5<br>(c) 2 : 3<br>(d) 3 : 2				40	Source::AbhasSaini 5.Mathematics::Percentage
Three numbers A, B and C are in the ratio of 5 : 3 : 4. If each number is increased by 10%, 15% and 20% respectively, then what will be the new ratio? िीन संख्याएँA, B और C िा अनुपाि 5 : 3 : 4 है। यकि इन संख्याओंिो क्रमशः 10%, 15% और 20% सेबढाया जाए, िो नया अनुपाि क्या होगा?<br><br>(a) 110 : 69 : 96<br>(b) 55 : 69 : 48<br>(c) 66 : 69 : 42<br>(d) 11 : 23 : 24				40	Source::AbhasSaini 5.Mathematics::Percentage
0. The price of fuel decreases by 55%, 55%, and 55% in three successive months, but increases by 65% in the fourth month. What is the percentage increase/decrease (rounded off to two decimal places) in the price of fuel in the fourth month, as compared to its original price ? ईधं न की कीमत तीन लगातार महीन ंमें55%, 55% और 55% कम ह जाती है, लेककन चौथेमहीनेमें65% बढ़ जाती है। मूल कीमत की तुलना मेंचौथेमहीनेमेंईधं न की कीमत मेंककतने प्रकतशत की वृद्धि/कमी हुई?<br><br>A. Increases by 80.47%<br>B. Increases by 89.44%<br>C. Decreases by 82.18%<br>D. Decreases by 84.96%				40	Source::AbhasSaini 5.Mathematics::Percentage
1. A company's stock price increases by x% in the first quarter and decreases by the same x% in the second quarter. If the final stock price is 14% lower than the initial price, what is the value of x? (Round off the answer to two decimal places.) ककसी कं पनी के शेयर की कीमत पहली कतमाही में x% बढ़ती हैऔर दूसरी कतमाही मेंउतनी ही x% घटती है। यकद अंकतम शेयर की कीमत प्रारंकिक कीमत से14% कम है, त x का मान क्या है? (उत्तर क द दशमलव स्थान ंतक पूर्ाांककत करें।)<br><br>A. 37.69 B. 37.42 C. 37.27 D. 37.98				40	Source::AbhasSaini 5.Mathematics::Percentage
What will be difference in population 3 years ago and 2 years ago of a town, whose current population is 190000 and which is increasing at a rate of 25% every year ? प्रश्न: एक कस्बेकी वततमान जनसंख्या 190,000 हैऔर यह प्रकतवर्त25% की दर सेबढ़ रही है। इस कस्बेकी जनसंख्या 3 वर्तपहलेऔर 2 वर्त पहलेककतनी थी?<br><br>A. 24670 B. 23770<br>C. 24320 D. 23570				40	Source::AbhasSaini 5.Mathematics::Percentage
The price of an article decreased by 8% every year. If the difference between the price at the end of third and fourth year is 69, then 40% of the price at the end of second year is ककसी वस्तुका मूल्य हर वर्त8% घटता है। यकद तीसरेऔर चौथेवर्तके अंत के मूल्य ंका अंतर 69 है, त दूसरेवर्तके अंत के मूल्य का 40% ककतना ह गा?<br><br>(a) 325<br>(b) 350<br>(c) 375<br>(d) 380				40	Source::AbhasSaini 5.Mathematics::Percentage
The price of an article decreased by 6% every year. If the difference between the price at the end of third and fourth year is 141, then 8% of the price at the end of second year is ककसी वस्तुका मूल्य हर वर्त6% घटता है। यकद तीसरेऔर चौथेवर्तके अंत के मूल्य ंका अंतर 141 है, त दूसरेवर्तके अंत के मूल्य का 8% ककतना ह गा?<br><br>(a) 200<br>(b) 180<br>(c) 210<br>(d) 205				40	Source::AbhasSaini 5.Mathematics::Percentage
The price of an article increased by 15% every year. If the difference between the price at the end of third and fourth year is 138 then 65% of the price at the end of second year? ककसी वस्तुका मूल्य हर वर्त15% बढ़ता है। यकद तीसरेऔर चौथेवर्तके अंत के मूल्य ंका अंतर 138 है, त दूसरेवर्तके अंत के मूल्य का 65% ककतना ह गा?<br><br>(a) 520<br>(b) 180<br>(c) 210<br>(d) 205				40	Source::AbhasSaini 5.Mathematics::Percentage
The price of an article increased by 16.66% every year. If the difference between the price at the end of third and fourth year is 126 then 1/8th of the price at the end of second year? ककसी वस्तुका मूल्य हर वर्त16.66% बढ़ता है। यकद तीसरेऔर चौथेवर्तके अंत के मूल्य ंका अंतर 126 है, त दूसरेवर्तके अंत के मूल्य का 1/8 िाग ककतना ह गा?<br><br>(a) 81<br>(b) 90<br>(c) 70<br>(d) 75				40	Source::AbhasSaini 5.Mathematics::Percentage
The value of a machine depreciates at the rate of 20% each year. If the difference between the values at the end of third and fourth year is 204.8 then 20% of the price at the end of first year? ककसी मशीन का मूल्य हर वर्त20% की दर सेघटता है। यकद तीसरेऔर चौथेवर्तके अंत के मूल्य ंका अंतर 204.8 है, त पहलेवर्तके अंत के मूल्य का 20% ककतना ह गा?<br><br>(a) 320<br>(b) 280<br>(c) 150<br>(d) 380				40	Source::AbhasSaini 5.Mathematics::Percentage
The population of a city decreases by 14.28%, 7.69% and 12.5% respectively. If the population of the city decreases by 5040 during the second year then find the total decrement during three years? ककसी शहर की जनसंख्या क्रमशः 14.28%, 7.69% और 12.5% सेघटती है। यकद दूसरेवर्तमेंजनसंख्या 5040 सेघटती है, त तीन वर्ों मेंकु ल ककतनी कमी हुई?<br><br>(a) 25364<br>(b) 23520<br>(c) 28452<br>(d) 32054				40	Source::AbhasSaini 5.Mathematics::Percentage
The price of an item increases successively by 20% and 12% and then the resulting price is decreased by 30%. If the final price is ₹735 then 20% of the original price is ककसी वस्तुका मूल्य पहले20% और किर 12% बढ़ाया जाता हैतथा बाद में30% घटाया जाता है। यकद अंकतम मूल्य ₹735 है, त मूल मूल्य का 20% ककतना है?<br><br>(a) 156.25<br>(b) 162.50<br>(c) 150<br>(d) 222.75				40	Source::AbhasSaini 5.Mathematics::Percentage
During the first year the population of a town increases by 12% and in the second year it diminishes by 8%. At the end of the second year the population is 1932. What was the population at the beginning of the first year? पहलेवर्तमेंककसी नगर की जनसंख्या 12% बढ़ती हैऔर दूसरेवर्तमें8% घटती है। दूसरेवर्तके अंत मेंजनसंख्या 1932 है। पहलेवर्तकी शुरुआत मेंजनसंख्या ककतनी थी?<br><br>(a) 1725<br>(b) 1875<br>(c) 1825<br>(d) 1775				40	Source::AbhasSaini 5.Mathematics::Percentage
A is 33.33% less than B and C is 20% more than D. If D is 50% more than A, then which of the following is true? A, B से33.33% कम हैऔर C, D से 20% अकधक है। यकद D, A से50% अकधक है, त कनम्न मेंसेकौन-सा कथन सही है?<br><br>(a) C = 0.20B<br>(b) B = 1.2C<br>(c) A = 0.22C<br>(d) A = 1.75D				40	Source::AbhasSaini 5.Mathematics::Percentage
If the first number is 15% less than the third number and the ratio of the second and third numbers is 3 : 5, then by what percentage is the average of the first and third numbers more than the second number? यकद पहली संख्या, तीसरी संख्या से15% कम हैऔर दूसरी तथा तीसरी संख्या का अनुपात 3 : 5 है, त पहली और तीसरी संख्या का औसत, दूसरी संख्या सेककतने प्रकतशत अकधक है?<br><br>(a) 54.16%<br>(b) 50%<br>(c) 52%<br>(d) 55%				40	Source::AbhasSaini 5.Mathematics::Percentage
A number is mistakenly divided by 4 instead of multiplying by 4. What is the percentage change in the result due to this mistake? एक संख्या क 4 सेगुर्ा करनेके बजाय गलती से4 सेिाग देकदया गया। इस गलती से पररर्ाम मेंककतनेप्रकतशत का पररवततन हुआ?<br><br>(a) 25%<br>(b) 50%<br>(c) 72.75%<br>(d) 93.75%				40	Source::AbhasSaini 5.Mathematics::Percentage
A number is mistakenly multiplied by 7/9 instead of being multiplied by 8/9. What is the percentage change in the result due to this mistake? एक संख्या क 8/9 सेगुर्ा करनेके बजाय गलती से7/9 सेगुर्ा कर कदया गया। इस गलती सेपररर्ाम मेंककतनेप्रकतशत का पररवततन हुआ?<br><br>(a) 11 1/7%<br>(b) 12 1/2%<br>(c) 13 1/3%<br>(d) 14 2/7%				40	Source::AbhasSaini 5.Mathematics::Percentage
If a student multiplied a number by 6/11 instead of 5/6 find the % error in the calculation? यकद ककसी कवद्याथी नेककसी संख्या क 5/6 से गुर्ा करनेके बजाय गलती से6/11 सेगुर्ा कर कदया, त गर्ना मेंप्रकतशत त्रुकट ककतनी है?<br><br>(a) 32 5/11%<br>(b) 34 6/11%<br>(c) 30 2/11%<br>(d) 28 5/11%				40	Source::AbhasSaini 5.Mathematics::Percentage
If the numerator of a fraction is increased by 12% and its denominator is decreased by 10%, the value of fraction becomes 16/25, then find the original fraction. यकद ककसी किन्न के अंश क 12% बढ़ाया जाए और हर क 10% घटाया जाए, त किन्न का मान 16/25 ह जाता है। मूल किन्न ज्ञात करें।<br><br>(a) 17/11<br>(b) 13/19<br>(c) 18/35<br>(d) 29/23				40	Source::AbhasSaini 5.Mathematics::Percentage
A fraction is reduced such that when it is squared and then its numerator is increased by 20% and denominator is reduced by 25%, it results in 6/5 of the original fraction. The product of the numerator and denominator is? एक किन्न क इस प्रकार बदला गया कक पहलेउसका वगत ककया गया, किर उसके अंश क 20% बढ़ाया और हर क 25% घटाया गया। पररर्ाम मूल किन्न के 6/5 के बराबर ह गया। अंश और हर का गुर्निल क्या है?<br><br>(a) 12<br>(b) 15<br>(c) 16<br>(d) 20				40	Source::AbhasSaini 5.Mathematics::Percentage
The number of peacocks in a bird sanctuary was P in the year 2000. The number decreased by 10% in the next decade and increased by 50% in the decade after that. If the difference between the number of peacocks in the years 2020 and 2000 is 5250, and it increased by 36% in the next half decade, then what is the number of peacocks in the year 2025 ? एक पक्षी अभयारण्य मेंमोरो ोंकी सोंख्या वर्ष2000 मेंP थी। अगलेदशक मेंयह सोंख्या 10% कम हो गई और उसके बाद के दशक में50% बढ़ गई। यदद वर्ष2020 और 2000 मेंमोरो ोंकी सोंख्या के बीच का अोंतर 5250 है, और अगलेआधेदशक मेंयह 36% बढ़ गई, तो वर्ष 2025 मेंमोरो ोंकी सोंख्या दकतनी होगी?<br><br>A. 27,540 B. 23,850 C. 22,740 D. 25,450				40	Source::AbhasSaini 5.Mathematics::Percentage
If decreasing 80 by x% gives the same result as increasing 16 by x%, then x% of 120 is how much percentage more than 33.33% of 210? यदद 80 को x% सेघटानेपर वही पररणाम दमले जो 16 को x% सेबढ़ानेपर दमले, तो 120 का x% , 210 के 33.33% सेदकतनेप्रदतशत अदधक है?<br><br>(a) 14.28%<br>(b) 25%<br>(c) 28.56%<br>(d) 12.5%				40	Source::AbhasSaini 5.Mathematics::Percentage
If decreasing 120 by x% gives the same result as increasing 40 by x%, then x% of 720 is what percentage more than (x+15)% of 200? (Round off to the nearest integer) यदद 120 को x% सेघटानेपर वही पररणाम दमलेजो 40 को x% सेबढ़ानेपर दमले, तो 720 का x% , 200 के (x+15)% सेदकतनेप्रदतशत अदधक है? (दनकटतम पूणाांक तक गोल करें)<br><br>(a) 150%<br>(b) 160%<br>(c) 170%<br>(d) 177%				40	Source::AbhasSaini 5.Mathematics::Percentage
A number is first increased by 12.5% and then decreased by 25%. The number so obtained is now increased by 20%. What is the net increase or decrease percentage in the original number? एक सोंख्या को पहले12.5% बढ़ाया गया और दिर 25% घटाया गया। प्राप्त सोंख्या को अब 20% बढ़ाया गया। मूल सोंख्या मेंकु ल दकतनेप्रदतशत की वृद्धि या कमी हुई?<br><br>(a) 1.5% inc<br>(b) 1.25% inc<br>(c) 1.25% dec<br>(d) 1.5% dec				40	Source::AbhasSaini 5.Mathematics::Percentage
A number first increased by 8% and then decreased by 3% to get 2619. What is 5% of that number? एक सोंख्या को पहले8% बढ़ाया गया और दिर 3% घटाया गया, दजससेपररणाम 2619 आया। उस मूल सोंख्या का 5% दकतना है?<br><br>(a) 125<br>(b) 135<br>(c) 130<br>(d) 140				40	Source::AbhasSaini 5.Mathematics::Percentage
A number is divided into two parts in such a way that 75% of the first part is 6 more than 90% of the second part and 80% of the second part is 12 more than 45% of the first part. Then the number is एक सोंख्या को दो भागो ोंमेंइस प्रकार बााँटा गया दक पहलेभाग का 75%, दूसरेभाग के 90% से6 अदधक है और दूसरेभाग का 80%, पहलेभाग के 45% से12 अदधक है। वह सोंख्या क्या है?<br><br>(a) 140<br>(b) 70<br>(c) 80<br>(d) 60				40	Source::AbhasSaini 5.Mathematics::Percentage
When a number is increased by 120% then it becomes 70 less than another number, but if that number is increased by 80% then it becomes 130 less than that second number. Find the difference of both the numbers. जब एक सोंख्या को 120% बढ़ाया जाता हैतो वह दूसरी सोंख्या से70 कम हो जाती है, लेदकन जब उसी सोंख्या को 80% बढ़ाया जाता हैतो वह दूसरी सोंख्या से130 कम हो जाती है। दोनो ोंसोंख्याओोंका अोंतर ज्ञात करें।<br><br>(a) 250<br>(b) 125<br>(c) 175<br>(d) 200				40	Source::AbhasSaini 5.Mathematics::Percentage
If the height of a triangle is increased by 20% and the base is increased by 12%, what is the new area if the old area was 200 cm²? यदद दकसी दिभुज की ऊाँ चाई 20% और आधार 12% बढ़ाया जाए, तो यदद पुराना क्षेििल 200 सेमी² था, नया क्षेििल दकतना होगा?<br><br>(a) 234.4<br>(b) 254.4<br>(c) 268.8<br>(d) 216.7				40	Source::AbhasSaini 5.Mathematics::Percentage
In measuring the sides of a rectangle, errors of 10% and 8% in excess are made. Find the error percent in its area. आयत की भुजाओोंको मापतेसमय क्रमशः 10% और 8% अदधक की िुदट हो जाती है। उसके क्षेििल मेंप्रदतशत िुदट दकतनी होगी?<br><br>(a) 1.88%<br>(b) 18.8%<br>(c) 188%<br>(d) 0.188%				40	Source::AbhasSaini 5.Mathematics::Percentage
If each side of a square is increased by 50% then what is the percentage change in its area? यदद दकसी वगषकी प्रत्येक भुजा 50% बढ़ा दी जाए, तो उसके क्षेििल मेंदकतनेप्रदतशत का पररवतषन होगा?<br><br>(a) 75%<br>(b) 90%<br>(c) 110%<br>(d) 125%				40	Source::AbhasSaini 5.Mathematics::Percentage
The lengths of two adjacent sides of a square are increased by 35% and 25% respectively. As a result the area of the rectangle will be more than the area of the square by दकसी वगषकी दो सदिकट भुजाएाँक्रमशः 35% और 25% बढ़ा दी जाती हैं। पररणामस्वरूप बने आयत का क्षेििल वगषके क्षेििल सेदकतने प्रदतशत अदधक होगा?<br><br>(a) 68.75%<br>(b) 69.75%<br>(c) 67.75%<br>(d) 70.75%				40	Source::AbhasSaini 5.Mathematics::Percentage
If both length and breadth of a cuboid are increased by 12 percent, then by how much percent should its height be reduced so that the volume remains the same? यदद दकसी घनाभ की लोंबाई और चौडाई दोनो ों 12% बढ़ा दी जाएाँ, तो उसका आयतन समान रखनेके दलए उसकी ऊाँ चाई को दकतनेप्रदतशत घटाना चादहए?<br><br>(a) 14.56 percent<br>(b) 24.72 percent<br>(c) 20.28 percent<br>(d) 28.44 percent				40	Source::AbhasSaini 5.Mathematics::Percentage
If each edge of a cube is increased by 10% then the percentage increase in its surface area is यदद दकसी घन की प्रत्येक धार 10% बढ़ा दी जाए, तो उसके पृष्ठीय क्षेििल मेंदकतनेप्रदतशत की वृद्धि होगी?<br><br>(a) 21%<br>(b) 19%<br>(c) 22%<br>(d) 20%				40	Source::AbhasSaini 5.Mathematics::Percentage
By what percent does the curved surface area of a cylinder decrease if the radius is increased by 10% and the height is decreased by 40%? यदद दकसी बेलन की दिज्या 10% बढ़ा दी जाए और ऊाँ चाई 40% घटा दी जाए, तो उसके वक्र पृष्ठीय क्षेििल मेंदकतनेप्रदतशत की कमी होगी?<br><br>(a) 51.8%<br>(b) 24.3%<br>(c) 20%<br>(d) 34%				40	Source::AbhasSaini 5.Mathematics::Percentage
If the height of a circular cone is increased by 33.33% and its radius is increased by 12.5%, then what will be the change in its volume? यदद दकसी वृत्तीय शोंकुकी ऊाँ चाई 33.33% और दिज्या 12.5% बढ़ा दी जाए, तो उसके आयतन मेंदकतना पररवतषन होगा?<br><br>(a) 64.50<br>(b) 68.75<br>(c) 67.25<br>(d) 62.50				40	Source::AbhasSaini 5.Mathematics::Percentage
If the radius of a sphere is increased by 125% then by what percentage will its surface area increase? यदद दकसी गोलेकी दिज्या 125% बढ़ा दी जाए, तो उसके पृष्ठीय क्षेििल मेंदकतनेप्रदतशत की वृद्धि होगी?<br><br>(a) 506.25%<br>(b) 509.54%<br>(c) 409.76%<br>(d) 406.25%				40	Source::AbhasSaini 5.Mathematics::Percentage
If the radius of a circle is decreased by 35% then its area decreases by यदद दकसी वृत्त की दिज्या 35% घटा दी जाए, तो उसके क्षेििल मेंदकतनेप्रदतशत की कमी होगी?<br><br>(a) 57 3/4%<br>(b) 57 2/4%<br>(c) 56 3/4%<br>(d) 57 1/4%				40	Source::AbhasSaini 5.Mathematics::Percentage
If the price of petrol increased by 6%, then by what percentage should the consumption be decreased by the consumer, if the expenditure on petrol remains unchanged ? यदद पेटर ोल की कीमत 6% बढ़ जाती है, तो उपभोक्ता को खपत मेंदकतनेप्रदतशत की कमी करनी चादहए तादक पेटर ोल पर दकया गया कु ल खचषसमान बना रहे? Q.42 The price of sugar increases by 12%. By what percentage should the consumption of sugar be decreased so that the expenditure on the purchase of sugar remains the same ? (Give your answer correct to two decimal places) चीनी की कीमत 12% बढ़ जाती है। चीनी की खपत मेंदकतनेप्रदतशत की कमी करनी चादहए तादक चीनी पर दकया गया कु ल खचषसमान रहे? (उत्तर दो दशमलव स्थान तक दीदजए) Q.43 The price of Onion increases by 37.5%. The consumption of onion also increases by 12.5%. what is the approximate increase in the expenditure on account of the purchase of onions ? प्याज़ की कीमत 37.5% बढ़ जाती हैतथा प्याज़ की खपत भी 12.5% बढ़ जाती है। प्याज़ की खरीद पर होनेवालेखचषमेंलगभग दकतने प्रदतशत की वृद्धि होगी? Q.44 Price of ticket in a circus increases by 33.33%, number of visitors reduces by 12.5%. Find effect on income ? सकष स के दटकट की कीमत 33.33% बढ़ जाती हैतथा दशषको ोंकी सोंख्या 12.5% घट जाती है। आय पर क्या प्रभाव पडेगा? Q.45 Entry ticket of a cinema hall is ₹120 when the price is reduced by a certain percentage then the sales of ticket increases by 37.5%. whereas the overall collection is reduced by 25%. Find the percentage decrease in the price of ticket ? दसनेमा हॉल के प्रवेश दटकट की कीमत ₹120 है। जब दटकट की कीमत कु छ प्रदतशत घटाई जाती है तो दटकट की दबक्री 37.5% बढ़ जाती है, लेदकन कु ल सोंग्रह 25% घट जाता है। दटकट की कीमत में दकतनेप्रदतशत की कमी की गई? Q.46 Price of a ticket of a show of circus is ₹8. when the price of the ticket is reduced then the audience is increased by 60% and the total income is increased by 20%. Find the price of ticket after reduction ? सकष स शो के दटकट की कीमत ₹8 है। जब दटकट की कीमत घटाई जाती हैतो दशषको ोंकी सोंख्या 60% बढ़ जाती हैऔर कु ल आय 20% बढ़ जाती है। घटानेके बाद दटकट की नई कीमत क्या है? Q.47 When the price of sugar increased by 25%, a family reduced its consumption per month such that the expenditure on sugar was only 10% more than the earlier one. If the family consumed 20.5 kg sugar per month earlier, then what is its new consumption of sugar per month ? जब चीनी की कीमत 25% बढ़ी, तो एक पररवार ने अपनी मादसक खपत इस प्रकार घटा दी दक चीनी पर दकया गया खचषपहलेसेके वल 10% अदधक रहा। यदद पहलेपररवार 20.5 दकग्रा चीनी प्रदतमाह खपत करता था, तो अब उसकी नई मादसक खपत दकतनी है? Q.48 In order to maximise his gain, a theatre owner decides to reduce the price of tickets by 15% and as a result of this the sales of tickets increases by 35%. If as a result of this, the sales of tickets increases his weekly collection by ₹25200. Then find by what value did the gross collection increase per day ? अपनेलाभ को अदधकतम करनेके दलए एक दथएटर मादलक दटकट की कीमत 15% घटा देता है, दजससेदटकट की दबक्री 35% बढ़ जाती है। इसके पररणामस्वरूप उसकी साप्तादहक आय ₹25200 बढ़ जाती है। प्रदतददन कु ल सोंग्रह मेंदकतनी वृद्धि हुई? Q. 49 Every month, a man consumes 15 kg of rice and 6 kg of wheat. The price of rice is 20% of the price of wheat, resulting in a total expenditure of ₹225 per month for rice and wheat combined. If the price of wheat is increased by 12%, what percentage reduction in rice consumption is needed to maintain the same expenditure of ₹225 ? (Given that price of rice and consumption of wheat is constant) ? हर महीनेएक व्यद्धक्त 15 दकग्रा चावल और 6 दकग्रा गेहों खपत करता है। चावल की कीमत, गेहों की कीमत का 20% है, दजससे कु ल मादसक खचष₹225 होता है। यदद गेहों की कीमत 12% बढ़ जाए, तो ₹225 का खचषसमान रखनेके दलए चावल की खपत में दकतनेप्रदतशत की कमी करनी होगी? (चावल की कीमत और गेहों की खपत द्धस्थर है)<br><br>(a) 5.66% (b) 4.33% (c) 5.23% (d) 5.53%<br>(a) 9.82%<br>(b) 10.71%<br>(c) 11.20%<br>(d) 10.33%<br>(a) 54%<br>(b) 54.69%<br>(c) 55.50%<br>(d) 53.20%<br>(a) 13.33%<br>(b) 16.5%<br>(c) 16.66%<br>(d) 12.5%<br>(a) 45.45%<br>(b) 40.50%<br>(c) 45%<br>(d) 42%<br>(a) ₹6<br>(b) ₹5<br>(c) ₹4<br>(d) ₹7<br>(a) 18.92 kg<br>(b) 18.04 kg<br>(c) 17.38 kg<br>(d) 18.15 kg<br>(a) ₹3200<br>(b) ₹3600<br>(c) ₹3400<br>(d) ₹3300<br>(a) 24%<br>(b) 40%<br>(c) 22%<br>(d) 38%				40	Source::AbhasSaini 5.Mathematics::Percentage
Every month, a man consumes 15 kg of rice and 6 kg of wheat. The price of rice is 20% of the price of wheat, resulting in a total expenditure of ₹225 per month for rice and wheat combined. If the price of wheat is increased by 12%, what percentage reduction in rice consumption is needed to maintain the same expenditure of ₹225 ? (Given that price of rice and consumption of wheat is constant) ? हर महीनेएक व्यक्ति 15 ककग्रा चावल और 6 ककग्रा गेहूं खपत करता है। चावल की कीमत, गेहूं की कीमत का 20% है, कजससे कु ल माकसक खचच₹225 होता है। यकद गेहूं की कीमत 12% बढ़ जाए, तो ₹225 का खचचसमान रखनेके कलए चावल की खपत में ककतनेप्रकतशत की कमी करनी होगी? (चावल की कीमत और गेहूं की खपत क्तथथर है)<br><br>(a) 24%<br>(b) 40%<br>(c) 22%<br>(d) 38%				40	Source::AbhasSaini 5.Mathematics::Percentage
The prime cost of an article is thrice of raw material. If the cost of raw material is increased in the ratio 5:12 and cost of manufacturing expenses is increased in the ratio 4:5. If the initial cost is ₹6 then find the final cost ? ककसी वस्तुकी प्राइम कॉस्ट, कच्चेमाल की लागत का तीन गुना है। यकद कच्चेमाल की लागत 5:12 के अनुपात मेंतथा कनमाचण व्यय 4:5 के अनुपात मेंबढ़ जाए और प्रारूं कभक लागत ₹6 हो, तो अूंकतम लागत ज्ञात कीकजए।<br><br>(a) ₹9.80<br>(b) ₹4.8<br>(c) ₹5<br>(d) ₹9.6				40	Source::AbhasSaini 5.Mathematics::Percentage
In a manufacturing unit, it was noted that the price of raw material has increased by 12.5% and the labour cost has gone up from 25% of the cost of raw material to 30% of the cost of raw material. what percentage of the consumption of raw material be reduced to keep the cost the same as that before the increase ? एक कनमाचण इकाई मेंयह देखा गया कक कच्चेमाल की कीमत 12.5% बढ़ गई हैतथा मजदूरी लागत, कच्चेमाल की लागत के 25% सेबढ़कर 30% हो गई है। कु ल लागत को पहलेके समान बनाए रखनेके कलए कच्चेमाल की खपत में ककतनेप्रकतशत की कमी करनी होगी?<br><br>(a) 12.58%<br>(b) 13.45%<br>(c) 14.52<br>(d) 14.28%				40	Source::AbhasSaini 5.Mathematics::Percentage
A reduction of 10% in the price of sugar enables a housewife to buy 6.2 kg more for ₹1116. The reduced price per kg is ? चीनी की कीमत में10% की कमी होनेपर एक गृकहणी ₹1116 में6.2 ककग्रा अकधक चीनी खरीद सकती है। प्रकत ककग्रा घटाई हुई कीमत क्या है?<br><br>(1) 12<br>(2) 14<br>(3) 16<br>(4) 18				40	Source::AbhasSaini 5.Mathematics::Percentage
The price of sugar is reduced by 20%. Now a person can buy 500g more sugar for ₹36. The original price of the sugar per kilogram was चीनी की कीमत 20% घटा दी जाती है। अब ₹36 मेंकोई व्यक्ति 500 ग्राम अकधक चीनी खरीद सकता है। प्रकत ककलोग्राम चीनी की मूल कीमत क्या थी?<br><br>(1) 14.40<br>(2) 18<br>(3) 15.60<br>(4) 16.50				40	Source::AbhasSaini 5.Mathematics::Percentage
If the price of sugar increases by 20%, one can buy 2 kg less for Rs. 50. What is the amount of sugar that could be bought before price hike ? यकद चीनी की कीमत 20% बढ़ जाए, तो ₹50 में2 ककग्रा कम चीनी खरीदी जा सकती है। कीमत बढ़नेसेपहलेककतनी चीनी खरीदी जा सकती थी?<br><br>(1) 10 kg<br>(2) 12 kg<br>(3) 14 kg<br>(4) 16 kg				40	Source::AbhasSaini 5.Mathematics::Percentage
Due to an increament of 15% in the price of sugar, a person able to buy 9kg less for Rs. 690. Find the increased price of sugar ? चीनी की कीमत में15% की वृक्ति होनेपर ₹690 मेंकोई व्यक्ति 9 ककग्रा कम चीनी खरीद पाता है। चीनी की बढ़ी हुई कीमत ज्ञात कीकजए।<br><br>(a) 9.7<br>(b) 11.5<br>(c) 12.4<br>(d) 10.8				40	Source::AbhasSaini 5.Mathematics::Percentage
If the area of square is decreased by 15.36%, the diagonal of the square is decreased by ? यकद ककसी वगचका क्षेत्रफल 15.36% घटा कदया जाए, तो उसके कवकणचमेंककतनेप्रकतशत की कमी होगी?<br><br>(a) 8%<br>(b) 12%<br>(c) 9%<br>(d) 10%				40	Source::AbhasSaini 5.Mathematics::Percentage
The length and breadth of the room are decreased by x%. If the cost of painting the room goes down by 22.56%. what is the value of x ? कमरेकी लूंबाई और चौडाई प्रत्येक x% सेघटा दी जाती है। यकद कमरेको पेंट करानेकी लागत 22.56% कम हो जाती है, तो x का मान क्या है?<br><br>(a) 12%<br>(b) 10%<br>(c) 11%<br>(d) 12.5%				40	Source::AbhasSaini 5.Mathematics::Percentage
If the volume of a cube increases by 119.7%, what is the percentage change in its total surface area ? यकद ककसी घन का आयतन 119.7% बढ़ जाए, तो उसके कु ल पृष्ठीय क्षेत्रफल मेंककतनेप्रकतशत का पररवतचन होगा?<br><br>(a) 69%<br>(b) 65%<br>(c) 60%<br>(d) 62%				40	Source::AbhasSaini 5.Mathematics::Percentage
The ratio between the expenditure and saving of Shyam is 4:5. when Shyam increases her expenditure by 12% and increases her saving by 5%, what would have been the increase in her income ? श्याम के व्यय और बचत का अनुपात 4:5 है। जब वह अपनेव्यय में12% और बचत में5% की वृक्ति करता/करती है, तो उसकी आय में ककतनेप्रकतशत की वृक्ति हुई होगी?<br><br>(a) 8.20%<br>(b) 8.11%<br>(c) 9.25%<br>(d) 9.45%				40	Source::AbhasSaini 5.Mathematics::Percentage
The ratio between expenditure and saving is x:y. when income is increased by 15%, expenditure is increased by 20% and savings are increased by 12%. Find the new ratio of expenditure and savings ? व्यय और बचत का अनुपात x : y है। जब आय 15% बढ़ती है, व्यय 20% बढ़ता हैतथा बचत 12% बढ़ती है, तो व्यय और बचत का नया अनुपात क्या होगा?<br><br>(a) 14 : 9<br>(b) 9 : 14<br>(c) 5 : 80<br>(d) 14.8				40	Source::AbhasSaini 5.Mathematics::Percentage
Ritu's monthly savings are 28% of her monthly expenditure. If her monthly income increases by 45% and the monthly expenditure increases by 54.1% then by what percentage do her monthly savings increase ? रीतुकी माकसक बचत, उसकी माकसक व्यय का 28% है। यकद उसकी माकसक आय 45% और माकसक व्यय 54.1% बढ़ जाए, तो उसकी माकसक बचत मेंककतनेप्रकतशत की वृक्ति होगी?<br><br>(a) 10.5%<br>(b) 9.1%<br>(c) 11.1%<br>(d) 12.5%				40	Source::AbhasSaini 5.Mathematics::Percentage
Manu spends 68% of her income. If her income increases by 25% and savings increases by 15%, then her expenditure increases by (correct to 1 decimal place) मनुअपनी आय का 68% खचचकरती है। यकद उसकी आय 25% बढ़ जाए और बचत 15% बढ़ जाए, तो उसका व्यय ककतनेप्रकतशत बढ़ेगा? (उत्तर एक दशमलव थथान तक सही दीकजए)<br><br>(a) 25%<br>(b) 29.7%<br>(c) 31.50%<br>(d) 28.50%				40	Source::AbhasSaini 5.Mathematics::Percentage
Raman saves x% of her income. If her income increases by 16% and expenditure increases by 10% then her savings increased by 50%. what is the value of x ? मन अपनी आय का x% बचाती है। यकद उसकी आय 16% और व्यय 10% बढ़ जाए, तो उसकी बचत 50% बढ़ जाती है। x का मान क्या है?<br><br>(a) 12%<br>(b) 15%<br>(c) 18%<br>(d) 17%				40	Source::AbhasSaini 5.Mathematics::Percentage
The income of A is ₹5080 per month. he saves 40% of his income. If his monthly income increases by 20% and expenditure increases by 30% then his monthly savings increase by ? A की माकसक आय ₹5080 है। वह अपनी आय का 40% बचाता है। यकद उसकी आय 20% और व्यय 30% बढ़ जाए, तो उसकी माकसक बचत में ककतनी वृक्ति होगी?<br><br>(a) ₹110.60<br>(b) ₹102.33<br>(c) ₹101.66<br>(d) ₹98.75				40	Source::AbhasSaini 5.Mathematics::Percentage
The income of A is ₹10,800 per month. He saves 12.5% of his income. If his monthly income increases by 22.5% and the expenditure increases by 30%, then his monthly savings decreases by A की माकसक आय ₹10,800 है। वह अपनी आय का 12.5% बचाता है। यकद उसकी आय 22.5% बढ़ जाए और व्यय 30% बढ़ जाए, तो उसकी माकसक बचत मेंककतनी कमी होगी ?<br><br>(a) ₹405<br>(b) ₹455<br>(c) ₹420<br>(d) ₹435				40	Source::AbhasSaini 5.Mathematics::Percentage
In a school, boys and girls participated in the ratio 11:9. 25% of boys and 15% of girls participated in the Olympiad. The total percentage of people who participated in the Olympiad is ? एक स्कू ल मेंलडको ूंऔर लडककयो ूंकी सूंख्या का अनुपात 11 : 9 है। लडको ूंके 25% और लडककयो ूंके 15% नेओलूंकपयाड मेंभाग कलया। कु ल ककतनेप्रकतशत छात्रो ूंनेओलूंकपयाड मेंभाग कलया?<br><br>(a) 20.1<br>(b) 20.5<br>(c) 19.50<br>(d) 18.75				40	Source::AbhasSaini 5.Mathematics::Percentage
The population of a village was 12650. If the males and females are increased by 7% and 5%. The population will become 13409 after 1 year. Find the number of males at present. एक गााँव की जनसूंख्या 12650 है। यकद पुरुषो ूं की सूंख्या 7% और मकहलाओूंकी सूंख्या 5% बढ़ जाती है, तो 1 वषचबाद जनसूंख्या 13409 हो जाती है। वतचमान मेंपुरुषो ूंकी सूंख्या ज्ञात कीकजए।<br><br>(a) 6325<br>(b) 6235<br>(c) 6532<br>(d) 6523				40	Source::AbhasSaini 5.Mathematics::Percentage
The population of a village is 9720. If number of males increases by 12% and females increases by 30% then population of village becomes 11664. Number of males is what percentage of the number of females in the village ? एक गााँव की जनसूंख्या 9720 है। यकद पुरुषो ूंकी सूंख्या 12% और मकहलाओूंकी सूंख्या 30% बढ़ जाए, तो कु ल जनसूंख्या 11664 हो जाती है। गााँव में पुरुषो ूंकी सूंख्या, मकहलाओूंकी सूंख्या का ककतने प्रकतशत है?<br><br>(a) 100%<br>(b) 125%<br>(c) 150%<br>(d) 200%				40	Source::AbhasSaini 5.Mathematics::Percentage
Ramesh can save 30% of his income but after 4 years, his income increases by 42% and he still manages to save the same amount as before. What is the percent increase in his expenditure ? रमेश अपनी आय का 30% बचाता है। 4 वषों बाद उसकी आय 42% बढ़ जाती है, लेककन वह पहलेकजतनी ही बचत करता है। उसके व्यय में ककतनेप्रकतशत की वृक्ति हुई ?<br><br>(a) 60%<br>(b) 55%<br>(c) 65%<br>(d) 62%				40	Source::AbhasSaini 5.Mathematics::Percentage
30% of the students in a college are girls and the rest are boys. The total number of students in the college is 3200. 50% of the boys and 80% of the girls passed the final examination. The percentage of total students who passed the final examination ? एक कॉलेज में30% छात्राएाँहैंऔर शेष छात्र हैं। कॉलेज मेंकु ल छात्रो ूंकी सूंख्या 3200 है। लडको ूं के 50% और लडककयो ूंके 80% नेअूंकतम परीक्षा उत्तीणचकी। कु ल ककतनेप्रकतशत छात्रो ूंने परीक्षा पास की?<br><br>(a) 2272<br>(b) 2372<br>(c) 2262<br>(d) 2255				40	Source::AbhasSaini 5.Mathematics::Percentage
In 2003, the total population of a village was 3650, out of which 42% were females. In 2004, the total population increased by 10% as compared to the previous year. If the number of females remained the same in 2004, what was the percentage increase in the number of males in 2004 as compared to 2003 ? 2003 मेंएक गााँव की कु ल जनसूंख्या 3650 थी, कजसमेंसे 42% मकहलाएाँथी ूं। 2004 मेंकु ल जनसूंख्या 10% बढ़ गई। यकद 2004 मेंमकहलाओूंकी सूंख्या समान रही, तो 2003 की तुलना में2004 मेंपुरुषो ूंकी सूंख्या मेंककतने प्रकतशत की वृक्ति हुई?<br><br>(a) 17.2%<br>(b) 18.5%<br>(c) 17.8%<br>(d) 16%				40	Source::AbhasSaini 5.Mathematics::Percentage
In a city 32% of the men are married and 68% of the women are married. Considering that nobody is married more than once. What percent of population is married ? एक शहर में32% पुरुष कववाकहत हैंऔर 68% मकहलाएाँकववाकहत हैं। यह मानतेहुए कक कोई भी व्यक्ति एक सेअकधक बार कववाह नही ूं करता, तो कु ल जनसूंख्या का ककतनेप्रकतशत भाग कववाकहत है?<br><br>(a) 43%<br>(b) 43.5%<br>(c) 43.8%<br>(d) 44.2%				40	Source::AbhasSaini 5.Mathematics::Percentage
In a city 40% of the men are married and 35% of the women are married. Considering that nobody is married more than once. What percent of population is married ? एक शहर में40% पुरुष और 35% मकहलाएाँ कववाकहत हैं। यह मानतेहुए कक कोई भी व्यक्ति एक सेअकधक बार कववाह नही ूंकरता, कु ल जनसूंख्या का ककतनेप्रकतशत भाग कववाकहत है?<br><br>(a) 37⅔%<br>(b) 37⅓%<br>(c) 35%<br>(d) 38.5%				40	Source::AbhasSaini 5.Mathematics::Percentage
5% profit and donated 33.33% of the total capital (initial amount + profit). He followed the same procedure with the remaining capital after the second and the third year. If at the end of the three years, he is left with ₹82,944, what was the initial amount with which the man started his business ? एक व्यक्ति नेकु छ पूूँजी िेव्यविाय शुरू सकया। पहलेवषचउिे				40	Source::AbhasSaini 5.Mathematics::Percentage
5% लाभ हुआ और उिनेकु ल पूूँजी (मूलधन + लाभ) का				40	Source::AbhasSaini 5.Mathematics::Percentage
33% दान कर सदया। दूिरेऔर तीिरेवषचमेंभी उिनेशेष पूूँजी पर यही प्रसिया अपनाई। तीन वषों के अोंत मेंउिके पाि ₹82,944 शेष रह जातेहैं। प्रारों सभक पूूँजी सकतनी थी ? Q. 77 A man started off a business with a certain capital amount. In the first year, he earned 40% profit and donated 14.28% of the total capital (initial amount + profit). He followed the same procedure with the remaining capital after the second and the third year. If at the end of the three years, he is left with ₹4320, what was the initial amount with which the man started his business ? एक व्यक्ति नेकु छ पूूँजी िेव्यविाय शुरू सकया। पहलेवषचउिे40% लाभ हुआ और उिनेकु ल पूूँजी (मूलधन + लाभ) का 14.28% दान कर सदया। दूिरेऔर तीिरेवषचमेंभी उिनेशेष पूूँजी पर यही प्रसिया अपनाई। तीन वषों के अोंत मेंउिके पाि ₹4320 शेष रह जातेहैं। प्रारों सभक पूूँजी सकतनी थी? Q. 78 Gita purchases an apartment and pays EMI for that. Her monthly income is ₹1,20,000. She spends 20% on the education of her children, 35% on household affairs, sends 12% to GPF, saves 18% in a savings bank account and pays the rest of the amount as EMI. How much EMI does she pay ? गीता नेएक अपार्चमेंर् खरीदा हैऔर उिके सलए EMI र्ुकाती है। उिकी मासिक आय ₹1,20,000 है। वह 20% बच्ो ोंकी सशक्षा पर, 35% घरेलूखर्ों पर, 12% GPF में, 18% िेसवोंग बैंक खातेमें जमा करती हैऔर शेष रासश EMI के रूप मेंर्ुकाती है। वह सकतनी EMI र्ुकाती है? Q. 79 Sujata spends 22% of her monthly income on house rent, 45% of the income on groceries and 60% of the remaining on her children education and others. If her only savings is ₹6,300 then her expenditure on ‘education and others’ is ? िुजाता अपनी मासिक आय का 22% मकान सकराए पर, 45% सकराना िामान पर और शेष रासश का 60% बच्ो ोंकी सशक्षा व अन्य खर्ों पर खर्चकरती है। यसद उिकी कु ल बर्त ₹6,300 है, तो ‘सशक्षा व अन्य’ पर उिका खर्चसकतना है? Q.80 Out of total income a person's expenditure on food, cloth and other items are in the ratio of 3 : 4 : 3 respectively. If his expenditure is increased by 12% on food and 15% on cloth and decreased by 8% on other items. What percent should his income be increased so that no effect is recorded on the consumption of food, cloth and other items ? सकिी व्यक्ति की कु ल आय मेंिेभोजन, कपडेऔर अन्य वस्तुओोंपर सकया गया व्यय िमशः 3 : 4 : 3 के अनुपात मेंहै। यसद भोजन पर खर्च12%, कपडो ोंपर 15% बढ़ जाए और अन्य वस्तुओोंपर 8% घर् जाए, तो उपभोग को िमान रखनेके सलए उिकी आय मेंसकतनेप्रसतशत की वृक्ति होनी र्ासहए? Q.81 A, B and C spend 75%, 80% and 90% of their incomes, respectively. If their savings are in the ratio 4 : 6 : 5 and the difference between the incomes of A and C is ₹25,500, then the income of B is ? A, B और C अपनी आय का िमशः 75%, 80% और 90% खर्चकरतेहैं। यसद उनकी बर्त का अनुपात 4 : 6 : 5 हैऔर A तथा C की आय में अोंतर ₹25,500 है, तो B की आय सकतनी है? Q.82 The monthly salary of a person was ₹50,000. He used to spend on Family expenses (E), Taxes (T), Charity (C), and the rest were his savings. E was 60% of the income, T was 20% of E, and C was 15% of T. When his salary got raised by 40%, he maintained the percentage level of E, but T becomes 30% of E and C becomes 20% of T. The difference between the two savings (in ₹) ? एक व्यक्ति की मासिक आय ₹50,000 थी। वह पाररवाररक खर्च(E), कर (T), दान (C) पर खर्चकरता था और शेष बर्त करता था। E = आय का 60%, T = E का 20% और C = T का 15% था। जब उिकी आय 40% बढ़ी, तब E का प्रसतशत िमान रहा, लेसकन T = E का 30% और C = T का 20% हो गया। पुरानी और नई बर्त के बीर् का अोंतर (₹ में) सकतना है? Q. 83 The monthly salary of a person was ₹80,000. He used to spend on Family Expenses (E), Taxes (T), Charity (C) and rest were his savings. E was 60% of the income, T was 20% of E, and C was 25% of T. When his salary got raised by 40%, he maintained the percentage level of E, but T became 25% of E and C became 25% of T. The ratio of the savings of his earlier salary to that of his present salary ? एक व्यक्ति की मासिक आय ₹80,000 थी। वह पाररवाररक खर्च(E), कर (T), दान (C) पर खर्चकरता था और शेष बर्त करता था। E = आय का 60%, T = E का 20% और C = T का 25% था। जब उिकी आय 40% बढ़ी, तो E िमान रहा, लेसकन T = E का 25% और C = T का 25% हो गया। पुरानी बर्त और नई बर्त का अनुपात क्या है? Q.84 The monthly salary of a person was ₹50,000. He used to spend on three heads—personal and family expenses (E), taxes (T), philanthropy (P), and rest were his savings. E was 50% of the income. T was 20% of E and P was 15% of T. When his salary got raised by 40%, he maintained the percentage level of E, but T became 30% of E and P became 20% of T.By what percentage is the new savings more or less than the earlier savings ? (correct up to one decimal place) एक व्यक्ति की मासिक आय ₹50,000 थी। वह व्यक्तिगत व पाररवाररक खर्च(E), कर (T), दान (P) पर खर्चकरता था और शेष बर्त करता था। E = आय का 50%, T = E का 20% और P = T का 15% था। जब उिकी आय 40% बढ़ी, तो E िमान रहा, लेसकन T = E का 30% और P = T का 20% हो गया। नई बर्त, पुरानी बर्त िे सकतनेप्रसतशत असधक या कम है? (एक दशमलव स्थान तक िही) Q.85 P's monthly salary is ₹60,000. He spends 45% of his monthly salary on food and 25% of the remaining monthly salary on house rent. Additionally, he spends ₹X on children's education and spends 15% of his monthly salary on travel. If he saved his remaining salary and his savings is ₹12,000 then find the value of X ? P की मासिक आय ₹60,000 है। वह 45% भोजन पर और शेष का 25% मकान सकराए पर खर्चकरता है। इिके असतररि वह बच्ो ोंकी सशक्षा पर ₹X खर्च करता हैतथा 15% यात्रा पर खर्चकरता है। यसद उिकी बर्त ₹12,000 है, तो X का मान क्या है? Q.86 Some students (only boys and girls) from different schools appeared for an Olympiad exam. 40% of the boys and 25% of the girls failed the exam. The number of boys who passed the exam was 30 more than that of the girls who passed the exam. A total of 170 students failed. Find the number of students that appeared for the exam ? सवसभन्न स्कू लो ोंिेकु छ छात्र (के वल लडके और लडसकयाूँ) ओलोंसपयाड परीक्षा मेंशासमल हुए। लडको ोंके 40% और लडसकयो ोंके 25% अििल हुए। परीक्षा पाि करनेवालेलडको ों की िोंख्या, पाि करनेवाली लडसकयो ोंिे30 असधक है। कु ल 170 छात्र अििल हुए। परीक्षा मेंशासमल कु ल छात्रो ोंकी िोंख्या ज्ञात कीसजए। Q. 87 Some students (only boys and girls) from different schools appeared for an entrance test.30% of the boys and 20% of the girls failed the test.The number of boys who passed the test was 75 more than the number of girls who passed the test. A total of 100 students failed the test.The total number of students who appeared for the test is: सवसभन्न सवद्यालयो ोंके कु छ सवद्यासथचयो ों(के वल लडके और लडसकयाूँ) नेप्रवेश परीक्षा दी। 30% लडके और 20% लडसकयाूँपरीक्षा मेंअििल रहे।परीक्षा मेंउत्तीर्चहोनेवालेलडको ोंकी िोंख्या उत्तीर्चहोनेवाली लडसकयो ोंकी िोंख्या िे75 असधक थी। कु ल 100 सवद्याथी परीक्षा मेंअििल रहे। परीक्षा मेंउपक्तस्थत होनेवालेसवद्यासथचयो ोंकी कु ल िोंख्या है: Q. 88 In a picnic organised by a school, 3/4th of the total number of boys and 2/3 of the total number of girls got permission to go. If the total number of boys in the school is 250 more than the number of girls and the number of girls who went to the picnic is 250 less than the number of boys who went to the picnic. Find the total students in the school ? एक स्कू ल द्वारा आयोसजत सपकसनक मेंकु ल लडको ोंके 3/4 और कु ल लडसकयो ोंके 2/3 को जानेकी अनुमसत समली। यसद स्कू ल में लडको ोंकी िोंख्या, लडसकयो ोंिे250 असधक हैऔर सपकसनक पर जानेवाली लडसकयो ोंकी िोंख्या, सपकसनक पर जानेवालेलडको ोंिे 250 कम है, तो स्कू ल मेंकु ल छात्रो ोंकी िोंख्या ज्ञात कीसजए। Q.89 If the word Photosynthesis is spelt with F in place of 'PH' then what would be the percentage reduction in the number of letters ? यसद शब्द Photosynthesis में‘PH’ के स्थान पर ‘F’ सलखा जाए, तो अक्षरो ोंकी िोंख्या मेंसकतने प्रसतशत की कमी होगी? Q. 90 The total cost of 5 pens and 3 notebooks is ₹130. If the cost of pen is decreased by 25% and that of the notebook is increased by 10% then total cost of 3 pens and 2 notebooks will be ₹67. what is the total original cost (in ₹) of 6 pens and 4 notebook ? 5 पेन और 3 नोर्बुक की कु ल कीमत ₹130 है। यसद पेन की कीमत में25% की कमी कर दी जाए और नोर्बुक की कीमत में10% की वृक्ति कर दी जाए, तो 3 पेन और 2 नोर्बुक की कु ल कीमत ₹67 हो जाती है। तो 6 पेन और 4 नोर्बुक की मूल कु ल कीमत (₹ में) क्या होगी? Q. 91 There are y yellow marbles and b blue marbles in a box. 15% of the yelow marbles were added to 32% of the blue marbles and total was 11. Three times the number of yellow marbles exceed two times the number of blue marbles by 10. what is the ratio of y to b ? एक सडब्बेमेंy पीली गोसलयाूँ(yellow marbles) और b नीली गोसलयाूँ(blue marbles) हैं। पीली गोसलयो ोंकी िोंख्या का 15% तथा नीली गोसलयो ोंकी िोंख्या का 32% जोडनेपर कु ल 11 होता है। तीन गुना पीली गोसलयो ोंकी िोंख्या, नीली गोसलयो ोंकी िोंख्या के दो गुनेिे10 असधक है। तो y : b का अनुपात क्या होगा? Q. 92 In an examination, there were two papers, X and Y, and the maximum mark in each of the two papers was 20. However, the weights assigned to papers X and Y were in the ratio 3 : 2, respectively. Rohan scored 18 out of 20 in Paper X and an overall 70% in the examination. How much did he score in Paper Y out of 20 ? एक परीक्षा मेंदो पेपर थे, X और Y, और दोनो ोंपेपरो ोंके असधकतम अोंक 20–20 थे। लेसकन पेपर X और पेपर Y को सदए गए वेर्ेज का अनुपात िमशः 3 : 2 था। रोहन नेपेपर X में20 मेंिे18 अोंक प्राप्त सकए और पूरी परीक्षा मेंकु ल 70% अोंक प्राप्त सकए। तो पेपर Y में20 मेंिेउिनेसकतनेअोंक प्राप्त सकए? Q.93 Vikas gave 3 examinations. The respective ratio of marks scored by him in the 3 examinations is 5:6:5. The respective ratio of maximum marks of the 3 examination is 7:5:6. If he scored 44.44% percent marks in total, then in how many examination has he scored marks more than 50 percentage ? सवकाि ने3 परीक्षाएूँदी ों। इन तीनो ोंपरीक्षाओोंमें उिके द्वारा प्राप्त अोंको ोंका अनुपात 5 : 6 : 5 है। तीनो ोंपरीक्षाओोंके असधकतम अोंको ोंका अनुपात िमशः 7 : 5 : 6 है। यसद उिनेकु ल समलाकर<br><br>(a) ₹196600<br>(b) ₹196680<br>(c) ₹ 196608<br>(d) ₹180000<br>(a) ₹2500<br>(b) ₹2200<br>(c) ₹2550<br>(d) ₹2600<br>(a) ₹18250<br>(b) ₹18000<br>(c) ₹13500<br>(d) ₹18450<br>(a) ₹9450<br>(b) ₹9540<br>(c) ₹8450<br>(d) ₹8540<br>(a) 8.89%<br>(b) 9.8%<br>(c) 12%<br>(d) 7.2%<br>(a) ₹22,500<br>(b) ₹21,500<br>(c) ₹23,550<br>(d) ₹22,350<br>(a) 220<br>(b) 240<br>(c) 280<br>(d) 180<br>(a) 119 : 100<br>(b) 100 : 119<br>(c) 117 : 119<br>(d) 119 : 117<br>(a) 12.4%<br>(b) 16.3%<br>(c) 15.4%<br>(d) 14.5%<br>(a) ₹3750<br>(b) ₹3550<br>(c) ₹3650<br>(d) ₹3850<br>(a) 500<br>(b) 400<br>(c) 300<br>(d) 450<br>(a) 375<br>(b) 400<br>(c) 350<br>(d) 425<br>(a) 1750<br>(b) 1850<br>(c) 1720<br>(d) 1680<br>(a) 14.28% (b) 7.14% (c) 12.5% (d) 7.33%<br>(a) ₹140 (b) ₹160 (c) ₹150 (d) ₹120<br>(a) 4:5 (b) 5:4 (c) 3:4 (d) 4:3<br>(a) 8 (b) 10 (c) 9 (d) 7				40	Source::AbhasSaini 5.Mathematics::Percentage
44% अोंक प्राप्त सकए हो ों, तो उिनेसकतनी परीक्षाओोंमें50% िेअसधक अोंक प्राप्त सकए? Q. 94 In an examination, a student who gets 20% of the maximum marks fails by 5 marks. Another student who scores 30% of the maximum marks gets 20 marks more than the pass marks. The necessary percentage required for passing is ? एक परीक्षा में, एक सवद्याथी असधकतम अोंको ोंका 20% प्राप्त करता हैऔर 5 अोंको ोंिेअििल हो जाता है। एक अन्य सवद्याथी असधकतम अोंको ोंका 30% प्राप्त करता हैऔर उत्तीर्चअोंक िे20 अोंक असधक लाता है। तो उत्तीर्चहोनेके सलए आवश्यक प्रसतशत सकतना है? Q. 95 In an examination a candidate must secure 40% marks to pass. A candidate, who gets 220 marks, fails by 20 marks. What are the maximum marks for the examination ? एक परीक्षा मेंउत्तीर्चहोनेके सलए 40% अोंक प्राप्त करना असनवायचहै। एक अभ्यथी 220 अोंक प्राप्त करता हैऔर 20 अोंको ोंिेअििल हो जाता है। तो इि परीक्षा के असधकतम अोंक सकतनेहैं?<br><br>(a) 0 (b) 1 (b) 2 (c) 3<br>(1) 32% (2) 23% (3) 22% (4) 20%<br>(1) 1200 (2) 800 (3) 600 (4) 450				40	Source::AbhasSaini 5.Mathematics::Percentage
A candidate who scores 30 per cent fails by 5 marks, while another candidate who scores 40 per cent marks gets 10 more than minimum pass marks. The minimum marks required to pass are एक उम्मीदवार सजिने30 प्रसतशत अोंक प्राप्त सकए, वह 5 अोंको ोंिेिे ल हो जाता है, जबसक दूिरा उम्मीदवार सजिने40 प्रसतशत अोंक प्राप्त सकए, वह न्यूनतम पाि अोंको ोंिे10 अोंक असधक प्राप्त करता है। न्यूनतम पाि अोंक सकतनेहैं?<br><br>(1) 50 (2) 70<br>(3) 100 (4) 150				40	Source::AbhasSaini 5.Mathematics::Percentage
A has some coins. He gives half of the coins and 3 more to B. B gives half of the coins and 3 more to C. C gives half of the coins and 3 more to D. The number of coins D has now is the smallest two digit number. how many coins does A have in the beginning ? A के पाि कु छ सिक्के हैं। वह अपनेआधेसिक्के और 3 और सिक्के B को देता है। B अपनेआधे सिक्के और 3 और सिक्के C को देता है। C अपने आधेसिक्के और 3 और सिक्के D को देता है। अब D के पाि िबिेछोर्ा दो अोंको ोंका िोंख्या सजतनेसिक्के हैं। प्रारोंभ मेंA के पाि सकतने सिक्के थे?<br><br>(a) 38 (b) 36<br>(c) 40 (d) 42				40	Source::AbhasSaini 5.Mathematics::Percentage
A fruit seller sells 40% of the oranges that he has along with 4 more oranges to a customer. he then sells 25% of the remaining oranges and 4 more oranges to second customer. he then sells 80% of the now remaining oranges to a third customer and is still left with 4 oranges. How many oranges did the fruit seller have initially ? एक िल सविे ता अपनेपाि मौजूद िोंतरेका 40 प्रसतशत और 4 असतररि िोंतरेपहलेग्राहक को बेर्ता है। सिर वह बर्ेहुए िोंतरे का 25 प्रसतशत और 4 असतररि िोंतरेदूिरेग्राहक को बेर्ता है। इिके बाद वह बर्ेहुए िोंतरेका 80 प्रसतशत तीिरेग्राहक को बेर् देता हैऔर उिके पाि अभी भी 4 िोंतरेबर् जातेहैं। प्रारोंभ में उिके पाि कु ल सकतनेिोंतरेथे?<br><br>(a) 60 (b) 52<br>(c) 55 (d) 58				40	Source::AbhasSaini 5.Mathematics::Percentage
A fruit seller sells 40% of the oranges that he has along with				40	Source::AbhasSaini 5.Mathematics::Percentage
4 more oranges to a customer. he then sells 25% of the remaining oranges and 4 more oranges to second customer. he then sells 80% of the now remaining oranges to a third customer and is still left with 4 oranges. How many oranges did the fruit seller have initially ? एक फल विक्रे ता अपनेपास मौजूद संतरेका 40 प्रवतशत और 4 अवतररक्त संतरेपहलेग्राहक को बेचता है। वफर िह बचेहुए संतरे का 25 प्रवतशत और 4 अवतररक्त संतरेदूसरेग्राहक को बेचता है। इसके बाद िह बचेहुए संतरेका 80 प्रवतशत तीसरेग्राहक को बेच देता हैऔर उसके पास अभी भी 4 संतरेबच जातेहैं। प्रारंभ में उसके पास कु ल वकतनेसंतरेथे?<br><br>(a) 60 (b) 52<br>(c) 55 (d) 58				40	Source::AbhasSaini 5.Mathematics::Percentage
A boy has some chocolates. He gives 14.28% of them and 4 more to his friends. He then gives 30% of the remaining and 3 more to another friend. Then he haves 62.5% of the remaining to a new friend and 2 more. He finally gives 60% of the rest to the fourth friend and is left with 4 chocolates. How many chocolates did he initially had ? एक लड़के के पास कु छ चॉकलेट हैं। िह उनमेंसे14.28 प्रवतशत और 4 अवतररक्त चॉकलेट अपनेदोस्ो ंको देता है। वफर िह बचे हुए का 30 प्रवतशत और 3 अवतररक्त चॉकलेट दूसरेदोस् को देता है। वफर िह बचेहुए का 62.5 प्रवतशत और 2 अवतररक्त चॉकलेट नए दोस् को देता है। अंत मेंिह शेष का 60 प्रवतशत चौथेदोस् को देता हैऔर उसके पास 4 चॉकलेट बच जाती हैं। प्रारंभ मेंउसके पास वकतनी चॉकलेट थी ं?<br><br>(a) 63 (b) 65<br>(c) 68 (d) 60				40	Source::AbhasSaini 5.Mathematics::Percentage
P, Q and R together have 120 candles among them. P gives Q and R each as many candles as they already have. After this, R gives Q half as many candles as Q already has, and R also gives P twice as many candles as P already has. Now each of them has the same number of candles with them. what is the ratio of the respective number of candles P and R has initially ? P, Q और R के पास वमलकर कु ल 120 मोमबवियााँहैं। P, Q और R दोनो ंको उतनी ही मोमबवियााँदेता हैवजतनी उनके पास पहलेसेथी ं। इसके बाद R, Q को उसके पास मौजूद मोमबवियो ंका आधा देता हैऔर R, P को उसके पास मौजूद मोमबवियो ंका दोगुना देता है। अब तीनो ंके पास समान संख्या मेंमोमबवियााँहैं। प्रारंभ मेंP और R के पास मोमबवियो ंका अनुपात क्या था?<br><br>(a) 5:3 (b) 3:5<br>(c) 2:3 (d) 3:2				40	Source::AbhasSaini 5.Mathematics::Percentage
A fruit seller had some apples and oranges. He sold				40	Source::AbhasSaini 5.Mathematics::Percentage
25% apples to a person A, 30% of the remaining to a person B and had 42 apples left. Similarly, he sold 30% oranges to A, 60 oranges to B and had 20% Oranges left. what is the total number of apples and oranges that the fruit seller had initially ? एक फल विक्रे ता के पास कु छ सेब और संतरेथे। उसने25 प्रवतशत सेब व्यक्तक्त A को बेचे, वफर बचेहुए का 30 प्रवतशत व्यक्तक्त B को बेचा और उसके पास 42 सेब बच गए। इसी प्रकार, उसने30 प्रवतशत संतरेA को बेचे, 60 संतरेB को बेचे और उसके पास 20 प्रवतशत संतरेबच गए। प्रारंभ मेंउसके पास कु ल वकतनेसेब और संतरेथे?<br><br>(a) 200 (b) 150<br>(c) 220 (d) 180				40	Source::AbhasSaini 5.Mathematics::Percentage
Abhas had some students in his pre batch of mathematics.				40	Source::AbhasSaini 5.Mathematics::Percentage
33% of students and 30 more got full 200 marks in CGL mains exam, 64% of the remaining students and 36 more got				40	Source::AbhasSaini 5.Mathematics::Percentage
195 marks. Then 50% of the remaining students and 2 more got 190 marks and 62.5% of his remaining students got 188 marks and rest 60 students got 185 marks in exam. Find the number of students Abhas had in all. अभास के गवित के प्री बैच मेंकु छ छात्र थे। उनमेंसे33.33 प्रवतशत छात्र और 30 अवतररक्त छात्रो ंको CGL में200 अंक वमले। वफर बचेहुए छात्रो ंमेंसे64 प्रवतशत और 36 अवतररक्त छात्रो ंको				40	Source::AbhasSaini 5.Mathematics::Percentage
195 अंक वमले। वफर बचेहुए का 50 प्रवतशत और 2 अवतररक्त छात्रो ंको 190 अंक वमलेऔर वफर बचेहुए का 62.5 प्रवतशत छात्रो ंको 188 अंक वमलेतथा शेष 60 छात्रो ंको 185 अंक वमले। कु ल वकतनेछात्र थे?<br><br>(a) 5544 (b) 5445<br>(c) 4455 (d) 5454				40	Source::AbhasSaini 5.Mathematics::Percentage
A monkey is trying to climb up a pole with height 20 meters. Every minute the monkey climbs up by 3 meters and in the next				40	Source::AbhasSaini 5.Mathematics::Percentage
30 seconds it slips down by 1 meter. In how much time it will reach the top of the pole if initially the monkey was at the bottom of the pole ? एक बंदर 20 मीटर ऊाँ चेखंभेपर चढ़नेकी कोवशश कर रहा है। हर एक वमनट मेंिह 3 मीटर ऊपर चढ़ता हैऔर अगले30 सेकं ड में1 मीटर नीचेवफसल जाता है। यवद शुरुआत में बंदर नीचेहैतो िह वकतनेसमय मेंखंभेके शीषष पर पहुाँचेगा?<br><br>(a) 15 minutes (b) 13 min 30 sec<br>(c) 14 min 10sec (d) 14 min 40 sec				40	Source::AbhasSaini 5.Mathematics::Percentage
A crate of fruits contains one spoiled fruit for every 25 fruits. 60% of the spoiled fruits were sold. If the seller had sold 48 spoiled fruits, then the number of fruits in the crate were ? एक फलो ंकी पेटी मेंहर 25 फलो ंमें1 सड़ा हुआ फल है। सड़ेहुए फलो ंमेंसे60 प्रवतशत बेच वदए गए। यवद विक्रे ता ने48 सड़ेहुए फल बेचे, तो पेटी मेंकु ल वकतनेफल थे?<br><br>(a) 2000 (b) 2400<br>(c) 3000 (d) 1200				40	Source::AbhasSaini 5.Mathematics::Percentage
1 At the beginning of day 1 of a month, Rajesh has 500 eggs. He sells 20% of the eggs by the end of the day and added b% of the eggs at the beginning of the next day and sold 20% of the eggs at the end of the next day. This pattern continued up to the end of the third day of the month when he is left with 1024 eggs. The value of b is equal to? एक महीनेके पहलेवदन की शुरुआत में, राजेश के पास				40	Source::AbhasSaini 5.Mathematics::Percentage
500 अंडेहैं। िह वदन के अंत तक 20% अंडेबेचता हैऔर अगलेवदन की शुरुआत मेंb% अंडेजोड़ता हैऔर अगले वदन के अंत तक 20% अंडेबेचता है। यह पैटनषमहीनेके तीसरेवदन के अंत तक जारी रहता हैजब उसके पास 1024 अंडेशेष बचेहोतेहैं। b का मान वकसके बराबर है?<br><br>(a) 10 (b) 20<br>(c) 100 (d) 500				40	Source::AbhasSaini 5.Mathematics::Percentage
2 At the beginning of day 1 of a month, Rakesh has 4096 eggs. He sells 25% of the eggs by the end of the day and added b% of the eggs at the beginning of the next day and sold 25% of the eggs at the end of next day. This pattern continued up to the end of the third day of the month. when he is left with 2187 eggs. The value of b is equal to ? प्रश्न: महीनेके पहलेवदन की शुरुआत में, राके श के पास				40	Source::AbhasSaini 5.Mathematics::Percentage
4096 अंडेहैं। िह वदन के अंत तक अपनेअंडो ंका 25% बेच देता हैऔर अगलेवदन की शुरुआत मेंअंडो ंका b% जोड़ता हैऔर अगलेवदन के अंत में25% अंडेबेच देता है। यह पैटनषमहीनेके तीसरेवदन के अंत तक जारी रहता है। जब उसके पास 2187 अंडेबचेहैं। b का मान वकतना है?<br><br>(a) 13.33% (b) 12.5% (c) 16.66% (d) 10%				40	Source::AbhasSaini 5.Mathematics::Percentage
A large watermelon weighs 25 kg with				40	Source::AbhasSaini 5.Mathematics::Percentage
98% of its weight being water. It is allowed to stand in the sun for a while and some of the water evaporates so that now only 97% of it is water. What is its reduced weight? एक बड़ा तरबूज 25 वकलोग्राम का हैवजसमें98 प्रवतशत िजन पानी है। कु छ समय धूप मेंरखने पर कु छ पानी उड़ जाता हैऔर अब उसमें के िल 97 प्रवतशत पानी रह जाता है। अब उसका नया िजन वकतना होगा?<br><br>(a) 16.5 kg (b) 18.2 kg<br>(c) 20 kg (d) 21.5 kg				40	Source::AbhasSaini 5.Mathematics::Percentage
A watermelon weighs 20 kg with 90% of its weight being water. It was left in the sun for a while and some of the water evaporated such that only 80% of it is water. What is the reduced weight of the watermelon now ? एक तरबूज का िजन 20 वकलोग्राम हैवजसमें				40	Source::AbhasSaini 5.Mathematics::Percentage
90 प्रवतशत पानी है। कु छ समय धूप मेंरखनेपर पानी उड़ जाता हैऔर अब उसमेंके िल 80 प्रवतशत पानी रह जाता है। अब उसका नया िजन वकतना होगा?<br><br>(a) 8 kg (b) 10 kg<br>(c) 12 kg (d) 15 kg				40	Source::AbhasSaini 5.Mathematics::Percentage
Fresh fruit contains 80% of water and dry fruit contain 20% of water. Then how much dry fruits have in 100 kg fresh fruits ? ताजेफलो ंमें80 प्रवतशत पानी होता हैऔर सूखे फलो ंमें20 प्रवतशत पानी होता है। तो 100 वकलोग्राम ताजेफलो ंसेवकतनेवकलोग्राम सूखे फल प्राप्त हो ंगे?<br><br>(a) 20 kg (b) 25 kg<br>(c) 30 kg (d) 28 kg				40	Source::AbhasSaini 5.Mathematics::Percentage
The cost of a car is 150% more than that of a motorcycle. If the cost of the car is decreased by				40	Source::AbhasSaini 5.Mathematics::Percentage
30% and that of the motorcycle is increased by				40	Source::AbhasSaini 5.Mathematics::Percentage
50%, then what will be the percentage change in the total cost of one car and two motorcycles as compared to the original cost? (Correct to one decimal place) एक कार की कीमत मोटरसाइवकल की कीमत से				40	Source::AbhasSaini 5.Mathematics::Percentage
150% अवधक है। यवद कार की कीमत में30% की कमी कर दी जाए और मोटरसाइवकल की कीमत में				40	Source::AbhasSaini 5.Mathematics::Percentage
50% की िृक्ति कर दी जाए, तो एक कार और दो मोटरसाइवकलो ंकी कु ल लागत मेंमूल लागत की तुलना मेंवकतनेप्रवतशत का पररितषन होगा? (एक दशमलि स्थान तक सही)<br><br>(a) 5.55% (b) 5.33% (c) 6.50% (d) 5%				40	Source::AbhasSaini 5.Mathematics::Percentage
A stock portfolio consists of four stocks. Stock A represents 10% of the portfolio and has a return of 4%. Stock B represents 20% of the portfolio and has a return of 8%. Stock C represents 30% of the portfolio and has a return of 3%. Stock D represents the remaining 40% of the portfolio and has a negative-return of 6%. What is the average return of the portfolio? एक स्टॉक पोटषफोवलयो मेंचार स्टॉक हैं। स्टॉक A पोटषफोवलयो का 10% हैऔर इसका ररटनष4% है। स्टॉक B				40	Source::AbhasSaini 5.Mathematics::Percentage
20% हैऔर इसका ररटनष8% है। स्टॉक C 30% हैऔर इसका ररटनष3% है। स्टॉक D शेष 40% हैऔर इसका ररटनष−6% है। पोटषफोवलयो का औसत ररटनषक्या होगा?<br><br>(a) 0.4%<br>(b) 0.5%<br>(c) 0.6%<br>(d) 0.7%				40	Source::AbhasSaini 5.Mathematics::Percentage
In an examination a candidate had to sit for three papers A, B, and C. The candidate secured 70% marks in Paper A, 80% marks in Paper B, and 50% marks in Paper C. If the weightage assigned to Papers A, B, and C were 30%, 60% and 20%, respectively, then find the weighted percentage of marks obtained by the candidate, when all the three papers were taken together? एक परीक्षा मेंएक अभ्यथी को तीन पेपर A, B और C देनेथे। उसनेपेपर A में70%, पेपर B में80% और पेपर C में50% अंक प्राप्त वकए। यवद पेपर A, B और C का भार क्रमशः 30%, 60% और 20% है, तो तीनो ंपेपरो ंको वमलाकर अभ्यथी का भाररत प्रवतशत ज्ञात कीवजए।<br><br>(a) 71.81%<br>(b) 70.5%<br>(c) 72.80%<br>(d) 70%				40	Source::AbhasSaini 5.Mathematics::Percentage
Rate of tax increase by 18%, if net income reduced by 2%. Find initial rate of tax. यवद कर की दर में18% की िृक्ति करनेपर शुि आय में2% की कमी हो जाती है, तो कर की प्रारं वभक दर ज्ञात कीवजए।<br><br>(a) 10%<br>(b) 12%<br>(c) 15%<br>(d) 20%				40	Source::AbhasSaini 5.Mathematics::Percentage
Income of a person is ₹4600 out of which ₹2600 is tax free amount, if rate of income tax is 4%. Find his net income? एक व्यक्तक्त की आय ₹4600 है, वजसमेंसे₹2600 कर मुक्त है। यवद आयकर की दर 4% है, तो उसकी शुि आय ज्ञात कीवजए।<br><br>(a) ₹4520<br>(b) ₹4250<br>(c) ₹4450<br>(d) ₹4500				40	Source::AbhasSaini 5.Mathematics::Percentage
A person paid 30% income tax. If his income is increased by 25% and tax rate increased by				40	Source::AbhasSaini 5.Mathematics::Percentage
20%, then how much more tax he would pay? एक व्यक्तक्त 30% की दर सेआयकर देता है। यवद उसकी आय में25% की िृक्ति हो जाए और कर की दर में20% की िृक्ति हो जाए, तो िह पहलेकी तुलना मेंवकतनेप्रवतशत अवधक कर देगा?<br><br>(a) 40%<br>(b) 50%<br>(c) 55%<br>(d) 45%				40	Source::AbhasSaini 5.Mathematics::Percentage
A person paid 32% income tax. If his income is increased by 25% and tax rate increased by				40	Source::AbhasSaini 5.Mathematics::Percentage
5%, then how much more tax he would pay? एक व्यक्तक्त 32% की दर सेआयकर देता है। यवद उसकी आय में25% की िृक्ति हो जाए और कर की दर में12.5% की िृक्ति हो जाए, तो िह पहलेकी तुलना मेंवकतनेप्रवतशत अवधक कर देगा?<br><br>(a) 40.625%<br>(b) 42.50%<br>(c) 40%<br>(d) 38%				40	Source::AbhasSaini 5.Mathematics::Percentage
A man’s annual income has increased by ₹1.8 lakhs but the tax on income that he has to pay has reduced from 15% to 12%. He now pays the same amount of tax as before. what is his increased income (in ₹ lakhs)? एक व्यक्तक्त की िावषषक आय ₹1.8 लाख बढ़ गई है, लेवकन कर की दर 15% सेघटकर 12% हो गई है। अब िह पहलेवजतना ही कर देता है। उसकी नई आय (₹ लाख में) वकतनी है?<br><br>(a) 8 lakh<br>(b) 9 lakh<br>(c) 9.5 lakh<br>(d) 8.5 lakh				40	Source::AbhasSaini 5.Mathematics::Percentage
A man’s annual income has increased by ₹2 lakhs but the tax on income that he has to pay has reduced from 25% to 20%. He now pays the same amount of tax as before. what is his increased income (in ₹ lakhs)? एक व्यक्तक्त की िावषषक आय ₹2 लाख बढ़ गई है, लेवकन कर की दर 25% सेघटकर 20% हो गई है। अब िह पहलेवजतना ही कर देता है। उसकी नई आय (₹ लाख में) वकतनी है?<br><br>(a) 8 lakhs<br>(b) 9 lakhs<br>(c) 10 lakhs<br>(d) 11 lakhs				40	Source::AbhasSaini 5.Mathematics::Percentage
A man’s annual income has increased by ₹5000 but the tax on income that he has to pay has reduced from 15% to 12%. while in both the situation 30% of the income tax is tax free. Find the initial income, if equal tax is paid in both cases? एक व्यक्तक्त की िावषषक आय ₹5000 बढ़ गई है, लेवकन कर की दर 15% सेघटकर 12% हो गई है। दोनो ंही क्तस्थवतयो ंमेंआयकर का 30% कर मुक्त है। यवद दोनो ंक्तस्थवतयो ंमेंवदया गया कर समान है, तो प्रारं वभक आय ज्ञात कीवजए।<br><br>(a) 30000<br>(b) 25000<br>(c) 20000<br>(d) 18000				40	Source::AbhasSaini 5.Mathematics::Percentage
Suhani pays tax at the rate of 20% on her entire income of ₹91000 and Ritika pays tax at the rate of 35% on her entire income of ₹ y. If the overall tax rate on their combined income comes to 28%, then what is the value of y? सुहानी अपनी पूरी आय ₹91000 पर 20% की दर सेकर देती हैऔर ररवतका अपनी पूरी आय ₹y पर 35% की दर सेकर देती है। यवद दोनो ं की संयुक्त आय पर औसत कर दर 28% हो, तो y का मान ज्ञात कीवजए।<br><br>(a) ₹104000<br>(b) ₹117000<br>(c) ₹80000<br>(d) ₹88000				40	Source::AbhasSaini 5.Mathematics::Percentage
when income tax is 7 paise in a rupee, a person’s net income is ₹11625. what will be his net income (in ₹) if the income tax is raised to 13 paise? जब आयकर 7 पैसेप्रवत रुपयेहै, तब वकसी व्यक्तक्त की शुि आय ₹11625 है। यवद आयकर बढ़ाकर 13 पैसेप्रवत रुपयेकर वदया जाए, तो उसकी शुि आय वकतनी होगी?<br><br>(a) 10875<br>(b) 10785<br>(c) 17085<br>(d) 18075				40	Source::AbhasSaini 5.Mathematics::Percentage
1 Income of a person decreased by 3000 rs. And rate of income tax increased from 15% to				40	Source::AbhasSaini 5.Mathematics::Percentage
18%. The ratio of paid tax is 3: 2. If 26. 5% income is tax free. Find initial income. एक व्यक्ति की आय में3000 rs की कमी हुई। और आयकर की दर 15% सेबढ़कर 18% हो गई। प्रदत्त कर का अनुपात 3: 2. यदद 26. 5% आय कर मुि है। आरं दिक आय ज्ञात कीदिए।<br><br>a) 6250<br>b) 6750<br>c) 6520<br>d) 6660				40	Source::AbhasSaini 5.Mathematics::Percentage
A salesman got 12% commission on selling amount of ₹12,000 and got 5% bonus on selling more than ₹12,000. how much amount he got for selling products for ₹30,000. एक सेल्समैन को ₹12000 की दबक्री पर 12% कमीशन दमलता हैऔर ₹12000 सेअदिक दबक्री पर 5% बोनस दमलता है। यदद वह ₹30000 की दबक्री करता है, तो उसेकु ल दकतनी रादश दमलेगी?<br><br>(a) ₹4200<br>(b) ₹4500<br>(c) ₹4800<br>(d) ₹4350				40	Source::AbhasSaini 5.Mathematics::Percentage
A salesman is allowed 5½% commision on the total sales made by him and a bonus of ½% on the sales over ₹10,000. If his total earning is ₹1690. Find total sales. एक सेल्समैन को कु ल दबक्री पर 5½% कमीशन और ₹10000 सेअदिक दबक्री पर ½% बोनस दमलता है। यदद उसकी कु ल कमाई ₹1690 है, तो उसकी कु ल दबक्री ज्ञात कीदिए।<br><br>(a) ₹27000<br>(b) ₹29000<br>(c) ₹28000<br>(d) ₹32000				40	Source::AbhasSaini 5.Mathematics::Percentage
A salesman gets 10% commission on the total sales and extra bonus of 2.5% on the sale above Rs. 10,000. If he earns 2725 rupees. Find the total sales. एक सेल्समैन को कु ल दबक्री पर 10% कमीशन और ₹10000 सेअदिक दबक्री पर 2.5% अदतररि बोनस दमलता है। यदद उसकी कु ल कमाई ₹2725 है, तो उसकी कु ल दबक्री ज्ञात कीदिए।<br><br>(a) ₹28800<br>(b) ₹23800<br>(c) ₹22500<br>(d) ₹24000				40	Source::AbhasSaini 5.Mathematics::Percentage
A salesman is allowed 13.88% commision on the total sales made by him plus a bonus of				40	Source::AbhasSaini 5.Mathematics::Percentage
12% on sales over ₹12000. If his total earnings were ₹4500.6. what was his total sales in ₹? एक सेल्समैन को कु ल दबक्री पर 13.88% कमीशन और ₹12000 सेअदिक दबक्री पर				40	Source::AbhasSaini 5.Mathematics::Percentage
12% बोनस दमलता है। यदद उसकी कु ल कमाई ₹4500.6 है, तो उसकी कु ल दबक्री ज्ञात कीदिए।<br><br>(a) ₹27450<br>(b) ₹32250<br>(c) ₹30250<br>(d) ₹32500				40	Source::AbhasSaini 5.Mathematics::Percentage
A company give 12% commission to his salesman on total sales and 1% bonus on the sales over ₹12000, If the salesman deposit ₹52920 after deducting his commission from total sales. Find total sales. एक कं पनी अपनेसेल्समैन को कु ल दबक्री पर				40	Source::AbhasSaini 5.Mathematics::Percentage
12% कमीशन और ₹12000 सेअदिक दबक्री पर				40	Source::AbhasSaini 5.Mathematics::Percentage
1% बोनस देती है। यदद सेल्समैन अपने कमीशन और बोनस काटनेके बाद ₹52920 कं पनी मेंिमा करता है, तो कु ल दबक्री ज्ञात कीदिए।<br><br>(a) ₹58000<br>(b) ₹60000<br>(c) ₹62000<br>(d) ₹61500				40	Source::AbhasSaini 5.Mathematics::Percentage
Ram gets a commission of 6% upto the sales of ₹10,000 and above he gets 5% commision on the sale. If after deducting his commission he deposits ₹30775 to the company, Find the total sales. राम को ₹10000 तक की दबक्री पर 6% कमीशन दमलता हैऔर इससेअदिक दबक्री पर 5% कमीशन दमलता है। यदद कमीशन काटनेके बाद वह ₹30775 कं पनी मेंिमा करता है, तो कु ल दबक्री ज्ञात कीदिए।<br><br>(a) ₹33500<br>(b) ₹31500<br>(c) ₹32500<br>(d) ₹30500				40	Source::AbhasSaini 5.Mathematics::Percentage
A company allows 12% commision on total sales. But if the salesman is appointed on a fixed salary of ₹11700 and 9% commission on the sales more than ₹30,000, the salesman gets ₹3000 more. Find the total sales made by the salesman. एक कं पनी कु ल दबक्री पर 12% कमीशन देती है। लेदकन यदद सेल्समैन को ₹11700 का दिक्स्डवेतन और ₹30000 सेअदिक दबक्री पर 9% कमीशन ददया िाए, तो उसे₹3000 अदिक दमलतेहैं। सेल्समैन की कु ल दबक्री ज्ञात कीदिए।<br><br>(a) ₹2.5 lakh<br>(b) ₹3 lakh<br>(c) ₹1.7 lakh<br>(d) ₹2 lakh				40	Source::AbhasSaini 5.Mathematics::Percentage
A salesman is hired on the condition in a job saying that he will be given 8% commission on the sales done by him. But later on it was decided that he will be given a monthly salary of Rs.1500 and every month, 4% commission will be awarded on sales above Rs. 10000. If in second case his earnings are Rs. 1800 less than earlier then find his sales per month. एक सेल्समैन को पहलेउसकी दबक्री पर 8% कमीशन देनेका दनर्णय दलया गया। बाद मेंयह तय हुआ दक उसे₹1500 मादसक वेतन और ₹10000 सेअदिक दबक्री पर 4% कमीशन ददया िाएगा। यदद दूसरी क्तथिदत मेंउसकी कमाई पहलेसे₹1800 कम है, तो उसकी मादसक दबक्री ज्ञात कीदिए।<br><br>(a) ₹70500<br>(b) ₹71500<br>(c) ₹72500<br>(d) ₹73500				40	Source::AbhasSaini 5.Mathematics::Percentage
A salesman makes a commission of a% on the first				40	Source::AbhasSaini 5.Mathematics::Percentage
3000 Rs. worth of sales and b% commission on further sales. During the month of January he makes Rs. 960. From the total sales of Rs. 7000 and during February Rs. 1110 from a total sales of Rs.				40	Source::AbhasSaini 5.Mathematics::Percentage
Find the value of a+b. एक सेल्समैन को पहले₹3000 की दबक्री पर a% कमीशन और उससेअदिक दबक्री पर b% कमीशन दमलता है। िनवरी में₹7000 की दबक्री पर उसे₹960 कमीशन दमला और िरवरी में₹8000 की दबक्री पर ₹1110 कमीशन दमला। a + b का मान ज्ञात कीदिए।<br><br>(a) 27<br>(b) 30<br>(c) 24<br>(d) 21				40	Source::AbhasSaini 5.Mathematics::Percentage
A company allows 11% commission to its salesman on the total sales and 30% bonus besides the the commission on the net profit (net profit = total profit - bonus) after charging such bonus. If the total sales and profit are Rs. 1200000 and Rs.				40	Source::AbhasSaini 5.Mathematics::Percentage
182000 respectively. Find the total earning of the salesman. एक कं पनी अपनेसेल्समैन को कु ल दबक्री पर 11% कमीशन और शुद्ध लाि पर 30% बोनस देती है, िहााँ शुद्ध लाि = कु ल लाि − बोनस। यदद कु ल दबक्री ₹1200000 और कु ल लाि ₹182000 है, तो सेल्समैन की कु ल कमाई ज्ञात कीदिए।<br><br>(a) ₹174000<br>(b) ₹147400<br>(c) ₹124000<br>(d) ₹184500				40	Source::AbhasSaini 5.Mathematics::Percentage
A sales executive gets 20% bonus of the total sales value and				40	Source::AbhasSaini 5.Mathematics::Percentage
10% commission besides the bonus on the net profit after charging such commission. If the total sales value be Rs. 12 lakh per annum and the total profit of the company be Rs.				40	Source::AbhasSaini 5.Mathematics::Percentage
43 lakh, then his total earning per annum will be, given that he is not entitled to receive any fixed salary from the company ? एक सेल्स एग्जीक्यूदटव को कु ल दबक्री मूल्य पर 20% बोनस और शुद्ध लाि पर 10% कमीशन दमलता है, िहााँकमीशन काटनेके बाद शुद्ध लाि माना िाता है। यदद वादषणक कु ल दबक्री ₹12 लाख और कु ल लाि ₹1.43 लाख है, तो उसकी वादषणक कु ल कमाई ज्ञात कीदिए, यह मानतेहुए दक उसेकोई दिक्स्ड सैलरी नही ं दमलती।<br><br>(a) ₹3.7 lakh<br>(b) ₹5.3 lakh<br>(c) ₹4.5 lakh<br>(d) ₹5.5 lakh				40	Source::AbhasSaini 5.Mathematics::Percentage
Two saleswomen, Kavitha and Kalyani, are allowed 12% and 15% commission, respectively on the total sales made by them. Kavitha gets 3% and Kalyani gets 5% extra bonus on the sales over Rs.20,000. If the difference in total earnings of both Kavitha and Kalyani is Rs.7,600, then Kavitha’s total earning is ? दो सेल्सवुमन, कदवता और कल्यार्ी, को क्रमशः कु ल दबक्री पर 12% और 15% कमीशन दमलता है। ₹20000 से अदिक दबक्री पर कदवता को 3% और कल्यार्ी को 5% अदतररि बोनस दमलता है। यदद दोनो ंकी कु ल कमाई में अंतर ₹7600 है, तो कदवता की कु ल कमाई ज्ञात कीदिए।<br><br>(a) ₹19200<br>(b) ₹21600<br>(c) ₹17800<br>(d) ₹23400				40	Source::AbhasSaini 5.Mathematics::Percentage
In an election between 2 candidates, 5% of the votes were invalid. The winning candidate got 3850 votes and the losing candidate got				40	Source::AbhasSaini 5.Mathematics::Percentage
2800 votes. The losing candidate got what percentage of the total votes cast? दो उम्मीदवारो ंके बीच हुए चुनाव में5% मत अमान्य घोदषत दकए गए। दविेता उम्मीदवार को				40	Source::AbhasSaini 5.Mathematics::Percentage
3850 वोट दमलेऔर हारनेवालेउम्मीदवार को				40	Source::AbhasSaini 5.Mathematics::Percentage
2800 वोट दमले। हारनेवालेउम्मीदवार को कु ल डालेगए मतो ंका दकतनेप्रदतशत वोट दमला?<br><br>(a) 30%<br>(b) 40%<br>(c) 45%<br>(d) 35%				40	Source::AbhasSaini 5.Mathematics::Percentage
In a constituency, 85% of the total number of people on the electoral roll cast their votes during an election.				40	Source::AbhasSaini 5.Mathematics::Percentage
10% of the votes cast were declared invalid. If there were 300000 people on the electoral roll and Dharam secured 1,14,750 valid votes, what percentage of the total number of valid votes did Dharam secure? एक दनवाणचन क्षेत्र मेंमतदाता सूची मेंदिणकु ल लोगो ंमेंसे				40	Source::AbhasSaini 5.Mathematics::Percentage
85% नेमतदान दकया। डालेगए मतो ंमेंसे10% मत अमान्य घोदषत दकए गए। यदद मतदाता सूची में300000 लोग िेऔर िरम को 1,14,750 वैि मत दमले, तो िरम ने कु ल वैि मतो ंका दकतनेप्रदतशत प्राप्त दकया?<br><br>(a) 50%<br>(b) 60%<br>(c) 55%<br>(d) 62%				40	Source::AbhasSaini 5.Mathematics::Percentage
In an election between two candidates, 20% of the registered voters did not cast their vote and 70 votes were declared invalid. The winner got 42% of the registered voters and was declared the winner by 196 votes. What was the number of registered voters? दो उम्मीदवारो ंके बीच चुनाव में20% पंिीकृ त मतदाताओं नेमतदान नही ंदकया और 70 मत अमान्य घोदषत हुए। दविेता उम्मीदवार को पंिीकृ त मतदाताओंके 42% वोट दमलेऔर वह 196 मतो ंसेदवियी घोदषत हुआ। पंिीकृ त मतदाताओंकी कु ल संख्या ज्ञात कीदिए।<br><br>(a) 3150<br>(b) 3250<br>(c) 3125<br>(d) 3170				40	Source::AbhasSaini 5.Mathematics::Percentage
In an election between two candidates, 10% of the voters did not cast their votes and 135 votes were found invalid. The winner got 50% of the total votes expected and won by 306 votes. How many voters were enrolled in the voters list? दो उम्मीदवारो ंके बीच चुनाव में10% मतदाताओंने मतदान नही ंदकया और 135 मत अमान्य पाए गए। दविेता को अपेदक्षत कु ल मतो ंके 50% वोट दमले और वह 306 मतो ंसेिीत गया। मतदाता सूची में दिणकु ल मतदाताओंकी संख्या ज्ञात कीदिए।<br><br>(a) 1710<br>(b) 1650<br>(c) 950<br>(d) 1170				40	Source::AbhasSaini 5.Mathematics::Percentage
In an election, the winner was supported by 46% of all the voters in the list, and he got 246 votes more than his only rival. 10% of the voters on the voters list did not cast their votes, and 36 voters cast their ballot papers blank. How many voters were on the list? एक चुनाव मेंदविेता को मतदाता सूची मेंदिणकु ल मतदाताओंके 46% का समिणन प्राप्त हुआ और उसेअपने एकमात्र प्रदतद्वंदी से246 मत अदिक दमले। मतदाता सूची के				40	Source::AbhasSaini 5.Mathematics::Percentage
10% मतदाताओंनेमतदान नही ंदकया और 36 मतदाताओं नेखाली मतपत्र डाले। मतदाता सूची मेंकु ल दकतनेमतदाता िे?<br><br>(a) 10500<br>(b) 12500<br>(c) 11500<br>(d) 10000				40	Source::AbhasSaini 5.Mathematics::Percentage
In an election, 12% of the voters in the voter list did not cast their votes, whereas 273 voters cast their ballot papers blank. There were only two candidates Rajat and Kaushal. The winner Rajat was supported by 54% of all the voters in the list. He got 4732 more votes than his rival, Kaushal. Find the total number of voters in the list. एक चुनाव मेंमतदाता सूची के 12% मतदाताओंनेमतदान नही ंदकया, िबदक 273 मतदाताओंनेखाली मतपत्र डाले। के वल दो उम्मीदवार राित और कौशल िे। दविेता राित को मतदाता सूची मेंदिणकु ल मतदाताओंके 54% का समिणन प्राप्त हुआ और उसेअपनेप्रदतद्वंदी कौशल से4732 मत अदिक दमले। मतदाता सूची मेंकु ल मतदाताओंकी संख्या ज्ञात कीदिए।<br><br>(a) 22295<br>(b) 22925<br>(c) 22595<br>(d) 22500				40	Source::AbhasSaini 5.Mathematics::Percentage
In an election, 95% of the total voters cast their votes. In this election, there were only two candidates A and B. The winner A by obtaining				40	Source::AbhasSaini 5.Mathematics::Percentage
75% of the total votes defeated his contestant B by				40	Source::AbhasSaini 5.Mathematics::Percentage
4565 votes. Find the total number of voters in the election. एक चुनाव मेंकु ल मतदाताओंके 95% नेमतदान दकया। इस चुनाव मेंके वल दो उम्मीदवार A और B िे। दविेता A नेकु ल मतो ंके 75% प्राप्त कर B को				40	Source::AbhasSaini 5.Mathematics::Percentage
4565 मतो ंसेहराया। चुनाव मेंकु ल मतदाताओंकी संख्या ज्ञात कीदिए।<br><br>(a) 10000<br>(b) 8300<br>(c) 8500<br>(d) 8000				40	Source::AbhasSaini 5.Mathematics::Percentage
Two candidates contested an election. The winning candidate got 52% of the valid votes and won by a margin of 792 votes. If 10% of votes were declared invalid then what was the total number of votes polled? दो उम्मीदवारो ंनेएक चुनाव मेंिाग दलया। दविेता उम्मीदवार को वैि मतो ंके 52% वोट दमलेऔर वह 792 मतो ंसेिीत गया। यदद कु ल मतो ंके 10% मत अमान्य घोदषत दकए गए, तो कु ल डालेगए मतो ंकी संख्या क्या िी?<br><br>(a) 22000<br>(b) 22220<br>(c) 20000<br>(d) 25000				40	Source::AbhasSaini 5.Mathematics::Percentage
In a state election between two parties, 83% of the voters cast their votes, out of which 4% of the votes were declared invalid. Party A got 156611 votes which were 83% of the total valid votes. Find the total number of votes enrolled in that election. (Consider integer part only) एक राज्य चुनाव मेंदो दलो ोंके बीच मुकाबला हुआ। कु ल मतदाताओोंमेंसे83% नेमतदान ककया, कजनमें से4% मत अमान्य घोकित ककए गए। पार्टी A को 156611 मत कमले, जो कु ल वैध मतो ोंके 83% थे। उस चुनाव मेंपोंजीकृ त कु ल मतो ोंकी सोंख्या ज्ञात कीकजए (के वल पूर्ाांक भाग लें)।<br><br>(a) 23,46,807<br>(b) 2,58,233<br>(c) 2,34,888<br>(d) 2,36,807				40	Source::AbhasSaini 5.Mathematics::Percentage
In an election between two candidates, 15% of the voters in the town did not cast their voters and 10% of votes polled were declared invalid. The winning candidate got 62% of the valid votes and won by a majority of 4632 votes. How many valid votes did the losing candidate get? दो उम्मीदवारो ोंके बीच चुनाव मेंशहर के 15% मतदाताओोंनेमतदान नही ोंककया और डालेगए मतो ों मेंसे10% मत अमान्य घोकित हुए। कवजेता उम्मीदवार को वैध मतो ोंके 62% वोर्ट कमलेऔर वह 4632 मतो ोंसे जीता। हारनेवालेउम्मीदवार को ककतनेवैध मत कमले?<br><br>(a) 7334<br>(b) 7234<br>(c) 7224<br>(d) 7444				40	Source::AbhasSaini 5.Mathematics::Percentage
In an election between two candidates, the defeated candidate secured 42% of the valid votes polled and lost the election by 2545800 votes. If 365500 votes were declared invalid and 30% people did not cast their vote, what was the approximate number of people (in millions) in the electorate who did NOT cast their votes? दो उम्मीदवारो ोंके बीच चुनाव मेंहारनेवालेउम्मीदवार को डालेगए वैध मतो ोंके 42% वोर्ट कमलेऔर वह 2545800 मतो ोंसेहार गया। यकद 365500 मत अमान्य घोकित हुए और 30% लोगो ोंनेमतदान नही ोंककया, तो उन लोगो ोंकी अनुमाकनत सोंख्या (कमकलयन में) ककतनी थी कजन्ो ोंनेमतदान नही ोंककया?<br><br>(a) 6<br>(b) 7<br>(c) 8<br>(d) 5				40	Source::AbhasSaini 5.Mathematics::Percentage
In an election between two candidates, y% of the voters did not vote. 10% of the votes cast were declared invalid, while all the valid votes were cast in favour of either of the two candidates. The candidate who got 59.375% of the valid votes cast was declared elected by 2484 votes. If the number of people eligible to vote in that election was 16,000, what is the value of y? दो उम्मीदवारो ोंके बीच हुए चुनाव मेंy% मतदाताओोंने मतदान नही ोंककया। डालेगए मतो ोंमेंसे10% मत अमान्य घोकित ककए गए और सभी वैध मत के वल दो उम्मीदवारो ोंमें सेककसी एक के पक्ष मेंथे। कजस उम्मीदवार को वैध मतो ोंका 59.375% प्राप्त हुआ, वह 2484 मतो ोंसेकनवााकचत घोकित हुआ। यकद उस चुनाव मेंमतदान के कलए पात्र लोगो ोंकी सोंख्या 16000 थी, तो y का मान क्या है?<br><br>(a) 7.5<br>(b) 8.4<br>(c) 7.2<br>(d) 8				40	Source::AbhasSaini 5.Mathematics::Percentage
2/5th of the voters promise to vote for A and the rest promised to vote for B. Of these, on the last day 15% of the voters went back of their promise to vote for A and 25% of voters went back of their promise to vote for B, and A lost by 200 votes. Then, the total number of voters is? मतदाताओोंमेंसे2/5 नेA को वोर्ट देनेका वादा ककया और शेि नेB को वोर्ट देनेका वादा ककया। अोंकतम कदन A को वोर्ट देनेका वादा करनेवालो ोंमेंसे15% और B को वोर्ट देनेका वादा करनेवालो ोंमेंसे25% अपनेवादेसेपीछेहर्ट गए। पररर्ामस्वरूप A, 200 मतो ोंसेहार गया। कु ल मतदाताओोंकी सोंख्या क्या थी?<br><br>(a) 10000<br>(b) 11000<br>(c) 9000<br>(d) 9500				40	Source::AbhasSaini 5.Mathematics::Percentage
In an election between A and B, every fifth vote polled was marked as invalid by the machine. In the remaining votes, A wins the election with a margin of 2500 votes or 10% of the total votes polled, over B. If 90% of the invalid votes would have been in favour of B, then which of the following would have been the result of the election? A और B के बीच चुनाव मेंमशीन द्वारा डाला गया हर पााँचवााँ वोर्ट अमान्य घोकित कर कदया गया। शेि वैध मतो ोंमेंA नेB को 2500 मतो ोंया कु ल डालेगए मतो ोंके 10% के अोंतर सेहराया। यकद अमान्य मतो ोंमेंसे90% मत B के पक्ष मेंहोते, तो चुनाव का पररर्ाम क्या होता?<br><br>A. A would have won by 8%<br>B. B would have won by 8%<br>C. A would have won by 3%<br>D. B would have won by 3%				40	Source::AbhasSaini 5.Mathematics::Percentage
In an election between P, R and S, 1/10 of the total votes polled are invalid. Votes polled in favour of R and S are half of the total votes polled, and they get equal votes. Due to a fault in the machine, half of the votes of S and half of the invalid votes are counted additionally in favour of R. What is the overall percentage of votes secured by R due to the fault? P, R और S के बीच हुए चुनाव मेंकु ल डालेगए मतो ोंका 1/10 भाग अमान्य है। R और S के पक्ष मेंपडेमत कु ल मतो ों के आधेहैंऔर दोनो ोंको समान मत कमलेहैं। मशीन में खराबी के कारर् S के आधेमत और अमान्य मतो ोंके आधे मत अकतररक्त रूप सेR के पक्ष मेंजोड कदए गए। मशीन की इस खराबी के कारर् R द्वारा प्राप्त कु ल मतो ोंका प्रकतशत क्या होगा?<br><br>(a) 37.55%<br>(b) 41.55%<br>(c) 38.5%<br>(d) 42.5%				40	Source::AbhasSaini 5.Mathematics::Percentage
Hari, Kamal and Lalit contested an election in which 6050 votes were polled and none of the votes were invalid. Kamal got 42% more votes than the total votes obtained by Hari and Lalit together. If Lalit obtained only 8% of the total polled votes, find the number of votes obtained by Hari. हरर, कमल और लकलत नेएक चुनाव मेंभाग कलया कजसमें कु ल 6050 मत डालेगए और कोई भी मत अमान्य नही ों था। कमल को हरर और लकलत द्वारा प्राप्त कु ल मतो ोंसे 42% अकधक मत कमले। यकद लकलत को कु ल डालेगए मतो ों का के वल 8% कमला, तो हरर द्वारा प्राप्त मतो ोंकी सोंख्या ज्ञात कीकजए।<br><br>(a) 1556<br>(b) 1668<br>(c) 1912<br>(d) 2016				40	Source::AbhasSaini 5.Mathematics::Percentage
In an election, a voter has choices to vote for one candidate out of three candidates. There is also an option ‘None Of The Above’ (NOTA) to reject all candidates. The three candidates get votes that are 6 times NOTA. The winner gets votes that are twice the second runner-up’s votes. The first runner-up gets 900 votes more than NOTA and defeats the second runner-up by 150 votes. What is the total number of votes polled? एक चुनाव मेंमतदाता के पास तीन उम्मीदवारो ोंमेंसेककसी एक को वोर्ट देनेका कवकल्प है। सभी उम्मीदवारो ोंको अस्वीकार करनेके कलए NOTA का कवकल्प भी है। तीनो ोंउम्मीदवारो ोंको कमलेकु ल मत, NOTA के मतो ोंके 6 गुना हैं। कवजेता को दूसरेउपकवजेता के दोगुने मत कमले। प्रथम उपकवजेता को NOTA से900 मत अकधक कमलेऔर उसनेदूसरेउपकवजेता को 150 मतo ोंसेहराया। कु ल डालेगए मतो ों की सोंख्या ज्ञात कीकजए।<br><br>(a) 17715<br>(b) 15177<br>(c) 11025<br>(d) 11577				40	Source::AbhasSaini 5.Mathematics::Percentage
In an election, there were three candidates: A, B and C. 10% of the eligible voters did not vote. Out of those who voted, 45% voted for A, 35% voted for B and the remaining 20% voted for C. 30% of the votes polled for A and 20% of the votes polled for B were later deemed invalid, while all the votes polled for C were deemed valid. If A got 882 more valid votes than B did, how many valid votes did C receive? एक चुनाव मेंतीन उम्मीदवार A, B और C थे। पात्र मतदाताओों मेंसे10% नेमतदान नही ोंककया। मतदान करनेवालो ोंमेंसे 45% नेA को, 35% नेB को और शेि 20% नेC को वोर्ट कदया। A के 30% और B के 20% वोर्ट बाद मेंअमान्य घोकित कर कदए गए, जबकक C के सभी वोर्ट वैध रहे। यकद A को B से 882 अकधक वैध मत कमले, तो C को ककतनेवैध मत कमले?<br><br>(a) 5020<br>(b) 5040<br>(c) 5050<br>(d) 5060				40	Source::AbhasSaini 5.Mathematics::Percentage
A, B and C contested an election. All the votes polled were valid. A got 38% of the total votes. For every 45 votes polled, B got 18 votes. The winner got 5,760 more votes than the person who received the least number of votes. The total number of votes polled was: A, B और C नेएक चुनाव मेंभाग कलया। सभी मत वैध थे। A को कु ल मतो ोंका 38% कमला। हर 45 मतो ों पर B को 18 मत कमले। कवजेता को सबसेकम मत पानेवालेउम्मीदवार से5760 अकधक मत कमले। कु ल डालेगए मतो ोंकी सोंख्या ज्ञात कीकजए।<br><br>(a) 37,200<br>(b) 38,400<br>(c) 36,000<br>(d) 32,000				40	Source::AbhasSaini 5.Mathematics::Percentage
Chamanlal, Arshad and Jagit Singh contested an election. All the votes polled were valid. Arshad got 35% of the total votes. For every 35 votes Chamanlal got 14 votes. The winner got 4950 more votes than the person who received the least number of votes. Find the total number of votes polled. चमनलाल, अरशद और जकगत कसोंह नेएक चुनाव में भाग कलया। सभी मत वैध थे। अरशद को कु ल मतो ोंका 35% कमला। हर 35 मतो ोंपर चमनलाल को 14 मत कमले। कवजेता को सबसेकम मत पानेवालेउम्मीदवार से4950 अकधक मत कमले। कु ल डालेगए मतो ोंकी सोंख्या ज्ञात कीकजए।<br><br>(a) 99000<br>(b) 33000<br>(c) 13378<br>(d) 38000				40	Source::AbhasSaini 5.Mathematics::Percentage
In an election, there were four candidates and 95% of voters cast their votes. One candidate got 25% of the votes while the other three shared the remaining votes in the ratio of 6 : 7 : 2. The difference of votes secured by the candidate standing 3ʳᵈ to the candidate standing 4ᵗʰ is equal to 69198. Find the votes secured by the winning candidate. एक चुनाव मेंचार उम्मीदवार थेऔर 95% मतदाताओों नेमतदान ककया। एक उम्मीदवार को 25% मत कमले, जबकक शेि तीन उम्मीदवारो ोंनेबचेहुए मतो ोंको 6 : 7 : 2 के अनुपात मेंबााँर्टा। तीसरेस्थान और चौथेस्थान पर रहेउम्मीदवार के मतo ोंका अोंतर 69198 है। कवजेता उम्मीदवार द्वारा प्राप्त मतो ोंकी सोंख्या ज्ञात कीकजए।<br><br>(a) 115330<br>(b) 138396<br>(c) 161462<br>(d) 156458				40	Source::AbhasSaini 5.Mathematics::Percentage
Three candidates P, Q and R contested an election. Out of the total votes on a voter list 25% did not vote and 20% of the polled votes were invalid. R got 7500 votes which were 25% more than that of what Q got. If P got only 45% of the total votes, then find out the number of votes the winner got? तीन उम्मीदवार P, Q और R नेचुनाव मेंभाग कलया। मतदाता सूची मेंदजाकु ल मतो ोंमेंसे25% नेमतदान नही ोंककया और डालेगए मतो ोंमेंसे20% अमान्य थे। R को 7500 मत कमले, जो Q को कमलेमतो ोंसे25% अकधक थे। यकद P को कु ल मतो ोंका के वल 45% कमला, तो कवजेता द्वारा प्राप्त मतो ोंकी सोंख्या ज्ञात कीकजए।<br><br>(a) 40500<br>(b) 40000<br>(c) 42000<br>(d) 41500				40	Source::AbhasSaini 5.Mathematics::Percentage
In an election only two candidates contested. 70% of the voters casted their votes and 425 casted votes declared invalid. Winner got 980 valid votes more than his opponent, if the number of valid votes received by the winner 38% of the number of registered total voters, then find how many registered voters cast their votes? एक चुनाव मेंके वल दो उम्मीदवार थे। 70% पोंजीकृ त मतदाताओोंनेमतदान ककया और 425 मत अमान्य घोकित हुए। कवजेता को अपनेप्रकतद्वोंदी से980 अकधक वैध मत कमले। यकद कवजेता द्वारा प्राप्त वैध मत, कु ल पोंजीकृ त मतदाताओोंके 38% के बराबर हैं, तो ककतनेपोंजीकृ त मतदाताओोंनेमतदान ककया?<br><br>(a) 6475<br>(b) 6425<br>(c) 6450<br>(d) 6500				40	Source::AbhasSaini 5.Mathematics::Percentage
In a group of 120 people, 54 like Coca-Cola and 84 like Pepsi and each person likes at least two beverages. How many like both Coca-Cola and Pepsi ? 120 लोगो ोंकेएक समूह में, 54 को कोका-कोला पसोंद हैऔर 84 को पेप्सी पसोंद हैतथा प्रत्येक व्यक्तक्त कम सेकम दो पेय पसोंद करता है। बताइए ककतनेलोगो ोंको दोनो ोंपसोंद हैं?<br><br>(a) 18 (b) 20<br>(c) 24 (d) 30				40	Source::AbhasSaini 5.Mathematics::Percentage
A survey of 200 people found that 120 read newspaper A, 150 read newspaper B, and 90 read both. How many read at least one of the newspapers ? 200 लोगो ोंकेसवेमेंपाया गया कक 120 अख़बार A पढ़तेहैं, 150 अख़बार B पढ़तेहैंऔर 90 दोनो ों पढ़तेहैं। बताइए ककतनेलोग कम सेकम एक अख़बार पढ़तेहैं?<br><br>(a) 180 (b) 200<br>(c) 150 (d) 110				40	Source::AbhasSaini 5.Mathematics::Percentage
In a survey of 150 people, 95 like apples, 70 like bananas, and 60 like both apples and bananas. Find the number of people who like only apples ? 150 लोगो ोंकेसवेमें, 95 को सेब पसोंद हैं, 70 को के लेपसोंद हैंऔर 60 को दोनो ोंपसोंद हैं। के वल सेब पसोंद करनेवालो ोंकी सोंख्या ज्ञात कीकजए।<br><br>(a) 35 (b) 60<br>(c) 70 (d) 25				40	Source::AbhasSaini 5.Mathematics::Percentage
In a group of 50 people, 28 like tea, 26 like coffee, and 12 like both. Find the number of people who like only coffee. 50 लोगो ोंकेसमूह में, 28 को चाय पसोंद है, 26 को कॉफी पसोंद हैऔर 12 को दोनो ोंपसोंद हैं। के वल कॉफी पसोंद करनेवालो ोंकी सोंख्या ज्ञात कीकजए।<br><br>(a) 14 (b) 12<br>(c) 26 (d) 18				40	Source::AbhasSaini 5.Mathematics::Percentage
A class has 60 students. 35 students play football, 40 play cricket, and 15 play both. How many students play only one sport ? एक कक्षा में60 छात्र हैं। 35 फु र्टबॉल खेलतेहैं, 40 किके र्ट खेलतेहैंऔर 15 दोनो ोंखेलतेहैं। के वल एक खेल खेलनेवालेछात्रो ोंकी सोंख्या ज्ञात कीकजए।<br><br>(a) 45 (b) 40<br>(c) 35 (d) 30				40	Source::AbhasSaini 5.Mathematics::Percentage
In a group of 50 people, 20 like reading, 30 like travelling and 15 like both reading and travelling. How many like either reading and travelling ? 50 लोगो ोंकेसमूह में, 20 को पढ़ना पसोंद है, 30 को घूमना पसोंद हैऔर 15 को दोनो ोंपसोंद हैं। बताइए ककतनेलोगो ोंको पढ़ना या घूमना पसोंद है?<br><br>(a) 35 (b) 30<br>(c) 28 (d) 25				40	Source::AbhasSaini 5.Mathematics::Percentage
In class of 100 students, 35 like science and 45 like maths and 10 like both. how many like either of them ? 100 छात्रो ोंकी कक्षा में, 35 को कवज्ञान पसोंद है, 45 को गकर्त पसोंद हैऔर 10 को दोनो ोंपसोंद हैं। बताइए ककतनेछात्रो ोंको कवज्ञान या गकर्त पसोंद है?<br><br>(a) 70 (b) 65<br>(c) 50 (d) 40				40	Source::AbhasSaini 5.Mathematics::Percentage
In a group of 50 people, 28 have traveled to Europe, 31 have traveled to Asia, and 10 have traveled to both continents. How many people have not traveled to either continent ? 50 लोगो ोंकेसमूह में, 28 यूरोप गए हैं, 31 एकशया गए हैंऔर 10 दोनो ोंगए हैं। बताइए ककतनेलोग ककसी भी महाद्वीप नही ोंगए?<br><br>(a) 1 (b) 2<br>(c) 3 (d) 4				40	Source::AbhasSaini 5.Mathematics::Percentage
A survey was conducted among certain people, it was found that certain number of persons like chocolate, only vanilla, both vanilla and chocolate and neither chocolate and vanilla of them are 120, 135, 54 & 66. Find the number of people surveyed. एक सवेमेंपाया गया कक चॉकलेर्ट पसोंद करने वाले, के वल वनीला पसोंद करनेवाले, दोनो ोंपसोंद करनेवालेऔर कोई भी पसोंद न करनेवालेलोगो ों की सोंख्या िमशः 120, 135, 54 और 66 है। सवे ककए गए लोगो ोंकी कु ल सोंख्या ज्ञात कीकजए।<br><br>(a) 321 (b) 311<br>(c) 300 (d) 291				40	Source::AbhasSaini 5.Mathematics::Percentage
In a survey among 140 students, 60 likes to play videogames, 70 likes to play indoor games, 75 likes to play outdoor games, 30 play indoor and outdoor games, 18 like to play video games and outdoor games, 42 play video games and indoor games and 8 likes to play all types of games. Use the Venn diagram to find (i) Students who play only outdoor games (ii) Students who play video games and indoor games, but not outdoor games 140 छात्रो ोंकेसवेमें, 60 वीकडयो गेम खेलतेहैं, 70 इोंडोर गेम, 75 आउर्टडोर गेम, 30 इोंडोर व आउर्टडोर, 18 वीकडयो व आउर्टडोर, 42 वीकडयो व इोंडोर तथा 8 तीनो ों खेलतेहैं। वेन आरेख की सहायता सेज्ञात कीकजए (i) के वल आउर्टडोर गेम खेलनेवाले(ii) वीकडयो गेम व इोंडोर गेम खेलनेवालेलेककन आउर्टडोर नही ों<br><br>(a) i-35 & ii-34 (b) i-32 & ii-42<br>(c) i-42 & ii-35 (d) i-34 & ii-32				40	Source::AbhasSaini 5.Mathematics::Percentage
In a sports club of 530 members, each member play at least one of the three sports cricket, football and squash. 240 of them play cricket, 255 play football and 265squash. 80 play cricket and football, 85 play cricket and squash and 90 play football and squash. How many members play all three sports ? 530 सदस्य ोंवालेएक स्पयर्ट्स क्लब में, प्रत्येक सदस् क्रिके र्, फु र्बॉल और स्क्वै श मेंसेकम सेकम एक खेल खेलता है। 240 क्रिके र् खेलतेहैं, 255 फु र्बॉल व 265 स्क्वै श खेलतेहैं। 80 क्रिके र् व फु र्बॉल, 85 क्रिके र् व स्क्वै श तथा 90 फु र्बॉल वस्क्वै श खेलतेहैं। बताइए क्रकतनेसदस् तीनय ोंखेल खेलतेहैं?<br><br>(a) 35 (b) 40<br>(c) 50 (d) 60				40	Source::AbhasSaini 5.Mathematics::Percentage
In a class of 212 students, each student studies at least one of the three subjects Mandarin, French and Spanish. 96 of them study Mandarin, 102 studies French and 106 Spanish. 32 studies Mandarin and French, 34 study Mandarin and Spanish and 36 study French and Spanish. How many students study all the three subjects ? 212 छात्य ोंकी कक्षा मेंप्रत्येक छात् मोंदाररन, फ्रें च और स्पैक्रनश मेंसेकम सेकम एक क्रवषय पढ़ता है। 96 मोंदाररन, 102 फ्रें च और 106 स्पैक्रनश पढ़तेहैं। 32 मोंदाररन व फ्रें च, 34 मोंदाररन व स्पैक्रनश तथा 36 फ्रें च व स्पैक्रनश पढ़तेहैं। बताइए क्रकतनेछात् तीनय ोंक्रवषय पढ़तेहैं?<br><br>(a) 12 (b) 10<br>(c) 8 (d) 6				40	Source::AbhasSaini 5.Mathematics::Percentage
After sports day in a college, college awarded medals in different categories. 72 medals in Athletics, 24 medals in weightlifting and 36 medals in swimming. If these medals went to a total of 90 persons and only 8 persons got medals in all the three sports, how many received medals in exactly two of these sports ? कॉलेज केस्पयर्ट्स डेकेबाद, एथलेक्रर्क्समें72, वेर्क्रलफ्टोंग में24 और फ्िक्रमोंग में36 मेडल क्रदए गए। कु ल 90 व्यफ्ियय ोंकय मेडल क्रमलेऔर के वल 8 व्यफ्ियय ों कय तीनय ोंखेलय ोंमेंमेडल क्रमले। बताइए क्रकतनेव्यफ्ियय ों कय ठीक दय खेलय ोंमेंमेडल क्रमले?<br><br>(a) 12 (b) 10<br>(c) 8 (d) 6				40	Source::AbhasSaini 5.Mathematics::Percentage
In an Examination 80% students passed in physics, 70% in chemistry while 15% failed in both the subjects. If 325 students passed in both the subjects, then find the total number of students who appeared in the examination ? एक परीक्षा में80% छात् भौक्रतकी मेंपास हुए, 70% रसायन मेंपास हुए जबक्रक 15% दयनय ोंक्रवषयय ोंमेंफे ल हुए। यक्रद 325 छात् दयनय ोंक्रवषयय ोंमेंपास हुए, तय परीक्षा मेंसफ्िक्रलत छात्य ोंकी कु ल सोंख्या ज्ञात कीक्रजए।<br><br>(a) 500 (b) 450<br>(c) 480 (d) 520				40	Source::AbhasSaini 5.Mathematics::Percentage
600 Students took the test on physics and chemistry. 35% students failed in physics and 45% students failed in chemistry and 40% who passed in both subjects, then how many students failed in both subjects ? 600 छात्य ोंनेभौक्रतकी और रसायन की परीक्षा दी। 35% भौक्रतकी मेंफे ल हुए, 45% रसायन मेंफे ल हुए और 40% दयनय ोंमेंपास हुए। बताइए क्रकतनेछात् दयनय ोंक्रवषयय ोंमेंफे ल हुए?<br><br>(a) 140 (b) 110<br>(c) 120 (d) 100				40	Source::AbhasSaini 5.Mathematics::Percentage
In an examination, 60% students failed in Hindi and 65% students failed in English and 55% students failed in both Hindi and English. Find number of students who failed in atleast one subject ? एक परीक्षा में60% छात् क्रहोंदी मेंफे ल हुए, 65% अोंग्रेजी मेंफे ल हुए और 55% दयनय ोंक्रवषयय ोंमेंफे ल हुए। बताइए क्रकतनेप्रक्रतशत छात् कम सेकम एक क्रवषय मेंफे ल हुए?<br><br>(a) 30% (b) 35%<br>(c) 70% (d) 25%				40	Source::AbhasSaini 5.Mathematics::Percentage
In a class of 80 students, 45% speaks Hindi, 40% speak English only if the number of students who did not speak any language is equal to number of students who speaks both languages then find out number of students who speaks only hindi ? 80 छात्य ोंकी कक्षा में45% क्रहोंदी बयलतेहैंऔर 40% अोंग्रेजी बयलतेहैं। यक्रद कयई भी भाषा न बयलने वालेछात्य ोंकी सोंख्या दयनय ोंभाषाएँबयलनेवालय ोंके बराबर है, तय के वल क्रहोंदी बयलनेवालेछात्य ोंकी सोंख्या ज्ञात कीक्रजए।<br><br>(a) 24 (b) 48<br>(c) 64 (d) 32				40	Source::AbhasSaini 5.Mathematics::Percentage
In any Exam 12% student absent, there are two subject Math and English, students who passed in both exam is triple to number of students who failed in both and number of student who passed in math only is 45.45% of student who passed in both. If 29% students of total student in English only then find out the % of students who passed in math ? क्रकसी परीक्षा में12% छात् अनुपफ्थथत हैं। दय क्रवषय हैं गक्रित और अोंग्रेजी। दयनय ोंमेंपास हयनेवालेछात्, दयनय ोंमें फे ल हयनेवालय ोंसेतीन गुना हैं। के वल गक्रित मेंपास हयने वालेछात्, दयनय ोंमेंपास हयनेवालय ोंका 45.45% हैं। यक्रद कु ल छात्य ोंके 29% के वल अोंग्रेजी मेंपास हैं, तय गक्रित में पास छात्य ोंका प्रक्रतशत ज्ञात कीक्रजए।<br><br>(a) 38 (b) 48<br>(c) 59 (d) 76				40	Source::AbhasSaini 5.Mathematics::Percentage
In a school exam, the total no. of passed students in Physics and English both is 288. In that exam 60% of the total students passed in physics and 70% of the total students passed in English. If the percentage of failed students is 33⅓% of the percentage of students, who passed in physics then find the total number of students ? एकस्कू ल परीक्षा मेंभौक्रतकी और अोंग्रेजी दयनय ोंमें पास छात्य ोंकी सोंख्या 288 है। कु ल छात्य ोंके 60% भौक्रतकी मेंऔर 70% अोंग्रेजी मेंपास हुए। यक्रद फे ल छात्य ोंका प्रक्रतशत, भौक्रतकी मेंपास छात्य ोंकेप्रक्रतशत का 33⅓% है, तय कु ल छात्य ोंकी सोंख्या ज्ञात कीक्रजए।<br><br>(a) 500 (b) 550<br>(c) 576 (d) 595				40	Source::AbhasSaini 5.Mathematics::Percentage
50% of the students in a school play cricket, 40% of the students play football and the number of students who play both the games is 420. The number of students who play neither cricket nor football is 45%. Find the number of students in the college ? एकस्कू ल में50% छात् क्रिके र् खेलतेहैं, 40% छात् फु र्बॉल खेलतेहैंऔर दयनय ोंखेल खेलनेवाले छात्य ोंकी सोंख्या 420 है। जय छात् न क्रिके र् खेलते हैंन फु र्बॉल, उनकी सोंख्या 45% है।स्कू ल मेंकु ल छात्य ोंकी सोंख्या ज्ञात कीक्रजए।<br><br>(a) 1000 (b) 1100<br>(c) 1150 (d) 1200				40	Source::AbhasSaini 5.Mathematics::Percentage
A company survey for NOKIA and SAMSUNG by survey it is known that number of people who like both equal to the people who did not like anyone. 630 people likes only SAMSUNG and 48% likes SAMSUNG. If there are total 1750 people in survey then find out the % of people who likes only Nokia ? NOKIA और SAMSUNG पर क्रकए गए एक सवेमेंयह ज्ञात हुआ क्रक दयनय ोंकय पसोंद करनेवालेलयगय ोंकी सोंख्या, क्रकसी कय भी पसोंद न करनेवालय ोंकेबराबर है। 630 लयग के वल SAMSUNG पसोंद करतेहैंऔर 48% लयग SAMSUNG पसोंद करतेहैं। यक्रद कु ल 1750 लयग सवेमेंथे, तय के वल NOKIA पसोंद करनेवालय ों का प्रक्रतशत ज्ञात कीक्रजए।<br><br>(a) 30 (b) 40<br>(c) 50 (d) 70				40	Source::AbhasSaini 5.Mathematics::Percentage
In a school the number of students who reads math only is double to who reads only English and the number of students who reads both is one third to who did not read any. If 28 students read both subject and 400 students are in the school (i) Find number of student who read only English (ii) Find number of student who read Math. एकस्कू ल मेंके वल गक्रित पढ़नेवालेछात्य ोंकी सोंख्या, के वल अोंग्रेजी पढ़नेवालय ोंकी दयगुनी है। दयनय ोंक्रवषय पढ़नेवालेछात्, क्रकसी भी क्रवषय कय न पढ़नेवालय ोंकेएक-क्रतहाई हैं। यक्रद 28 छात् दयनय ोंक्रवषय पढ़तेहैंऔरस्कू ल मेंकु ल 400 छात् हैं, तय (i) के वल अोंग्रेजी पढ़नेवालेछात्य ोंकी सोंख्या (ii) गक्रित पढ़नेवालेकु ल छात्य ोंकी सोंख्या ज्ञात कीक्रजए।<br><br>(a) 96,210 (b) 200,220<br>(c) 80,210 (d) 96,220				40	Source::AbhasSaini 5.Mathematics::Percentage
In a society 500 people are living 45% play cricket, 29% play hockey and 48% play badminton, 18% didn’t any play game while 5% people play all three games. If 6% people play cricket and hockey both and 27% play cricket and badminton both find the number of people who play only badminton ? एक सयसाइर्ी में500 लयग रहतेहैं। 45% क्रिके र्, 29% हॉकी और 48% बैडक्रमोंर्न खेलतेहैं। 18% कयई खेल नही ोंखेलतेऔर 5% तीनय ोंखेल खेलते हैं। यक्रद 6% क्रिके र् व हॉकी तथा 27% क्रिके र् व बैडक्रमोंर्न दयनय ोंखेलतेहैं, तय के वल बैडक्रमोंर्न खेलनेवालय ोंकी सोंख्या ज्ञात कीक्रजए।<br><br>(a) 60 (b) 40<br>(c) 70 (d) 100				40	Source::AbhasSaini 5.Mathematics::Percentage
In a survey of a college it was found that 49% like reading math, 52% like reading physics and 50% like reading chemistry and also, 20% like reading math and physics both, 21% like reading math and chemistry both and 23% like physics & chemistry both. 5% like reading none of these 3 subject then find out that what % of student like only one subject math, physics & chemistry ? एक कॉलेज सवेमेंपाया गया क्रक 49% गक्रित, 52% भौक्रतकी और 50% रसायन पढ़ना पसोंद करतेहैं। 20% गक्रित व भौक्रतकी, 21% गक्रित व रसायन और 23% भौक्रतकी व रसायन पढ़ना पसोंद करतेहैं। 5% क्रकसी भी क्रवषय कय पसोंद नही ोंकरते। बताइए क्रकतनेप्रक्रतशत छात् के वल एक ही क्रवषय पसोंद करतेहैं?<br><br>(a) 74% (b) 34%<br>(c) 47% (d) 67%				40	Source::AbhasSaini 5.Mathematics::Percentage
In an election between three candidates, the third-placed candidate received 1000 valid votes. From the remaining votes, the elected candidate received 5000 more votes than the runner-up candidate, accounting for 52% of the total votes cast. If 16% of votes were declared invalid (given that all the voters cast their vote), then the total number of cast votes was ? तीन उिीदवारय ोंके बीच हुए चुनाव में, तीसरेथथान वाले उिीदवार कय 1000 वैध वयर् क्रमले। शेष वयर्य ोंमेंसे, क्रनवा्क्रचत उिीदवार कय उपक्रवजेता उिीदवार से5000 अक्रधक वयर् क्रमले और यह कु ल डालेगए वयर्य ोंका 52% था। यक्रद 16% वयर् अमान्य घयक्रषत क्रकए गए (और सभी मतदाताओोंनेमतदान क्रकया), तय कु ल डालेगए वयर् क्रकतनेथे?<br><br>A. 26000 B. 28000<br>C. 24000 D. 20000				40	Source::AbhasSaini 5.Mathematics::Percentage
In an election between two candidates, 80% of the voters cast their vote out of which 53 votes were declared invalid. The winner got 48% of all the voters in the list and he won by 1013 votes. The number of voters on the list was ? दय उिीदवारय ोंके बीच हुए चुनाव में, कु ल मतदाताओोंमेंसे80% नेमतदान क्रकया क्रजनमें से53 वयर् अमान्य घयक्रषत हुए। क्रवजेता कय मतदाता सूची के कु ल मतदाताओोंका 48% वयर् क्रमला और वह 1013 वयर्य ोंसेजीता। मतदाता सूची मेंकु ल मतदाताओोंकी सोंख्या क्या थी?<br><br>A. 5600 B. 6500<br>C. 5000 D. 6000				40	Source::AbhasSaini 5.Mathematics::Percentage
Radha has a monthly income of ₹80,000. She spends 40% of her income on household expenses, 20% on entertainment and 20% on education. The remaining amount is saved. Due to a 20% salary hike, her income increases. However, her household expenses also rise by 10%, her entertainment costs increase by 12% while her expenses on education remain unchanged. Radha decides to save any leftover income after adjusting these changes. What is the percentage increase in Radha’s savings ? राधा की माक्रसक आय ₹80,000 है। वह अपनी आय का 40% घरेलूखचों पर, 20% मनयरोंजन पर और 20% क्रशक्षा पर खच्करती है। शेष राक्रश बचत हयती है। 20% वेतन वृफ्ि के कारि उसकी आय बढ़ जाती है। लेक्रकन घरेलूखच्10% बढ़ जातेहैं, मनयरोंजन खच्12% बढ़ जाता है जबक्रक क्रशक्षा का खच्अपररवक्रत्त रहता है। इन बदलावय ोंके बाद बची हुई राक्रश कय राधा बचत करती है। राधा की बचत मेंक्रकतनेप्रक्रतशत की वृफ्ि हयगी?<br><br>A. 68% B. 63%<br>C. 66% D. 62%				40	Source::AbhasSaini 5.Mathematics::Percentage
Out of 80,000 registered voters, 25% did not vote in the first round. Of those who voted, 12% votes were invalid. Due to a tie in the first round, only the two leading candidates proceeded to a second round of voting, where only 80% of valid voters from the first round turned up to vote again. In the second round, one candidate received 30% of the votes, and the other received the rest. By how many votes did the winner win in the second round ? 80,000 पोंजीकृ त मतदाताओोंमेंसे25% नेपहलेराउोंड मेंमतदान नही ोंक्रकया। क्रजन्य ोंनेमतदान क्रकया, उनमेंसे12% वयर् अमान्य थे। पहलेराउोंड मेंर्ाई हयनेके कारि के वल दय शीष्उिीदवार दूसरे राउोंड मेंगए, जहाँपहलेराउोंड के वैध मतदाताओोंमेंसेके वल 80% दयबारा वयर् देनेआए। दूसरेराउोंड मेंएक उिीदवार कय 30% वयर् क्रमलेऔर दूसरेकय शेष। दूसरेराउोंड मेंक्रवजेता क्रकतनेवयर्य ोंसे जीता?<br><br>A.16986 B. 16896<br>C. 17896 D. 17986				40	Source::AbhasSaini 5.Mathematics::Percentage
In a cricket series, Team A had a winning rate of 70% after playing x matches. Then they lost 20 matches consecutively, and their winning rate fell to 50%. Find the total matches played by Team A before the losing streak ? एक क्रिके र् श्ृोंखला मेंर्ीम A नेx मैच खेलनेके बाद 70% जीत दर हाक्रसल की। क्रफर उन्य ोंने लगातार 20 मैच हार गए और उनकी जीत दर 50% हय गई। हार की इस श्ृोंखला सेपहलेर्ीम A नेकु ल क्रकतनेमैच खेलेथे?<br><br>A) 40 B) 50<br>C) 60 D) 80				40	Source::AbhasSaini 5.Mathematics::Percentage
The population of a place increased to 50,000 from 2016 to 2018 at the rate of 6% per annum, and continued the same trend for the next 3 years. If A is the population in 2016 and B is the population in 2020, both are approximated to the next possible integers, then the value of B − A is: Q. क्रकसी थथान की जनसोंख्या 2016 से2018 तक 6% प्रक्रत वष्की दर सेबढ़कर 50,000 हय गई और अगले 3 वषों तक यही प्रवृक्रि जारी रही। यक्रद 2016 मेंA जनसोंख्या हैऔर 2020 मेंB जनसोंख्या है, तय दयनय ों अगलेसोंभाक्रवत पूिाांकय ोंके अनुमाक्रनत हैं, तय B - A का मान है:<br><br>A. 16270<br>B. 13220<br>C. 12850<br>D. 11680				40	Source::AbhasSaini 5.Mathematics::Percentage
The population of country A decreased by p% and the population of country B decreased by q% from the year 2020 to 2021. Here 'p' is greater than 'q'. Let 'x' be the ratio of the population of country A to the population of country B in the given year. What is the percentage decrease in 'x' from 2020 to 2021? वष्2020 से2021 तक देश A की जनसोंख्या मेंp% की कमी हुई और देश B की जनसोंख्या मेंq% की कमी आई। यहाँ'p', 'q' सेअक्रधक है। मान लीक्रजए 'x' क्रदए गए वष्मेंदेश A की जनसोंख्या और देश B की जनसोंख्या का अनुपात है। 2020 से2021 तक 'x' में प्रक्रतशत कमी क्रकतनी है?<br><br>(a) (100(p-q))/(100-q)<br>(b) (100(p-q))/(100+q)<br>(c) (100(p-q))/(100-p)<br>(d) (100(p-q))/100				40	Source::AbhasSaini 5.Mathematics::Percentage
