Question	Answer	Basic Solution	Short Solution/Trick	Target Time	Tags
Ram bought a TV for 65500 and sold it for 89080. What percentage of profit did he make on TV?<br><br>(a) 36%<br>(b) 40%<br>(c) 42%<br>(d) 34%	36%	CP = 65500, SP = 89080.<br>Profit = 89080 - 65500 = 23580.<br>Profit % = (23580 / 65500) * 100 = 36%.	SP/CP = 89080 / 65500 = 8908 / 6550.<br>Profit% = (23580/65500)*100 = 36%	40	Source::AbhasSaini
If the cost price of a book is 92% of its selling price, then what will be the profit percentage o the sale of the book (Correct to two decimal place)?<br><br>(a) 8.53%<br>(b) 2.25%<br>(c) 8.00%<br>(d) 8.69%	8.69%	Let SP = 100, then CP = 92.<br>Profit = SP - CP = 100 - 92 = 8.<br>Profit % = (Profit / CP) * 100 = (8 / 92) * 100 = 8.695% ≈ 8.69%.	CP = 92% of SP => CP/SP = 92/100 = 23/25.<br>Profit = 2 units on CP of 23.<br>Profit % = 2/23 * 100 ≈ 8.69%	40	Source::AbhasSaini
The single discount, which is equal to three successive discounts of 10%, 20% and 35%.<br><br>(a) 42.3%<br>(b) 65.4%<br>(c) 53.2%<br>(d) 48.7%	53.2%	Let MP = 100.<br>SP = 100 * 0.90 * 0.80 * 0.65 = 46.8.<br>Total discount = 100 - 46.8 = 53.2%.	Successive discount formula: a + b - ab/100.<br>10% & 20% => 10 + 20 - 2 = 28%.<br>28% & 35% => 28 + 35 - (28 * 35)/100 = 63 - 9.8 = 53.2%.	40	Source::AbhasSaini
Find a single discount percentage equivalent to successive discounts of 10%, 20% and 25%.<br><br>(a) 55%<br>(b) 46%<br>(c) 20%<br>(d) 18.3%	46%	Let MP = 100.<br>SP = 100 * 0.90 * 0.80 * 0.75 = 54.<br>Total discount = 100 - 54 = 46%.	10% & 20% => 28%.<br>28% & 25% => 28 + 25 - (28 * 25)/100 = 53 - 7 = 46%.	40	Source::AbhasSaini
If the cost price of 28 oranges is equal to the selling price of 24 oranges, then the profit percentage is?<br><br>(a) 16 1/3%<br>(b) 18 2/3%<br>(c) 18 1/3%<br>(d) 16 2/3%	16 2/3%	Let CP of 1 orange = x.<br>CP of 28 oranges = 28x.<br>SP of 24 oranges = 28x => SP of 1 orange = 28x / 24 = 7x/6.<br>Profit = 7x/6 - x = x/6.<br>Profit % = (x/6) / x * 100 = 100/6% = 16 2/3%.	28 CP = 24 SP => SP/CP = 28/24 = 7/6.<br>Profit = 1 unit on CP of 6.<br>Profit % = 1/6 * 100 = 16 2/3%.	40	Source::AbhasSaini
If the selling price of an article is 7/6 of its cost price, then what is the profit percentage in the transaction?<br><br>a) 19 1/3%<br>b) 33 1/3%<br>c) 20 2/3%<br>d) 16 2/3%	16 2/3%	SP = 7/6 CP.<br>Profit = SP - CP = 1/6 CP.<br>Profit % = (1/6) * 100 = 16 2/3%.	SP/CP = 7/6. Profit 1 on 6 => 1/6 * 100 = 16 2/3%.	40	Source::AbhasSaini
The cost price of 30 articles is the same as the selling price of x articles. If the profit is 20%. then the value of x is:<br><br>a) 26<br>b) 25<br>c) 28<br>d) 27	25	30 * CP = x * SP.<br>SP = (30/x) * CP.<br>Profit = 20%, so SP = 1.2 * CP.<br>30/x = 1.2 => x = 30 / 1.2 = 25.	CP * 30 = SP * x.<br>Profit 20% = 1/5 => SP/CP = 6/5.<br>So 30/x = 6/5 => x = 25.	40	Source::AbhasSaini
A fruit vendor recovers the cost of 95 oranges by selling 80 oranges. What is his profit percentage?<br><br>(a) 18.75%<br>(b) 20.75%<br>(c) 21.25%<br>(d) 24.25%	18.75%	95 * CP = 80 * SP.<br>SP / CP = 95 / 80 = 19 / 16.<br>Profit = 3 on 16 => (3/16)*100 = 18.75%.	SP/CP = 95/80 = 19/16.<br>Profit = 3/16 = 18.75%.	40	Source::AbhasSaini
By selling 20 mangoes a person recovers price of 25 mangoes. Then profit percentage is:<br><br>20<br>25<br>27.5<br>30	25	20 * SP = 25 * CP.<br>SP / CP = 25 / 20 = 5 / 4.<br>Profit = 1 on 4 => (1/4)*100 = 25%.	SP/CP = 25/20 = 5/4.<br>Profit = 1/4 = 25%.	40	Source::AbhasSaini
By selling 80 notebooks, Amrita loses an amount equal to the selling price of 10 notebooks. What is her loss per cent (to the nearest integer)?<br><br>(a) 9%<br>(b) 11%<br>(c) 10%<br>(d) 13%	11%	Loss = CP - SP.<br>10 * SP = 80 * CP - 80 * SP.<br>90 * SP = 80 * CP => SP / CP = 8 / 9.<br>Loss = 1 on 9 => 1/9 * 100 = 11.11% ≈ 11%.	Loss = 10 SP, total SP = 80.<br>CP = 80 + 10 = 90 SP units.<br>Loss% = 10/90 = 1/9 ≈ 11%.	40	Source::AbhasSaini
By selling two articles for Rs 823.75, a person gain the C.P of three articles find the profit percentage?<br><br>50<br>100<br>150<br>200	150	Profit = SP - CP.<br>Profit on 2 = 2*SP - 2*CP.<br>Given Profit = 3*CP.<br>So 2*SP - 2*CP = 3*CP => 2*SP = 5*CP.<br>SP / CP = 5 / 2.<br>Profit = 3 on 2 => (3/2)*100 = 150%.	Profit = 3 CP on sale of 2 CP.<br>Profit% = 3/2 * 100 = 150%.	40	Source::AbhasSaini
A person buys 80 kg of rice and sells it at a profit of as much as money he paid for 30 kg find profit percentage?<br><br>12.5<br>25<br>37.5<br>50	37.5	Profit = CP of 30 kg.<br>Base (Total CP) = CP of 80 kg.<br>Profit % = (30 / 80) * 100 = 3/8 * 100 = 37.5%.	Profit / Total CP = 30 / 80 = 3/8 = 37.5%.	40	Source::AbhasSaini
A person buys 89kgs of rice and sells them at a profit of as much as money he paid for 32kg. Find the profit percent.<br><br>35%<br>35.96%<br>36%<br>38%	35.96%	Profit = CP of 32 kg.<br>Base = CP of 89 kg.<br>Profit % = (32 / 89) * 100 = 35.955% ≈ 35.96%.	Profit% = 32/89 * 100 ≈ 35.96%.	40	Source::AbhasSaini
Kamal purchases 80 articles for ₹11,180 and sells them at a loss equal to the selling price of 6 articles. What will be the selling price of 1 article ?<br><br>(a) ₹130<br>(b) ₹120<br>(c) ₹135<br>(d) ₹125	₹130	CP of 80 = 11180.<br>Loss = CP - SP => 80*CP - 80*SP = 6*SP => 80*CP = 86*SP.<br>So 86*SP = 11180.<br>SP of 1 article = 11180 / 86 = 130.	80 CP = 86 SP = 11180.<br>SP(1) = 11180 / 86 = 130.	40	Source::AbhasSaini
The selling price of 36 kg rice is Rs.1080. If profit is equal to the selling price of 10 kg rice, find the cost price of 6kg rice.<br><br>A. Rs.150<br>B. Rs. 180<br>C. Rs.130<br>D. Rs.160	Rs.130	Profit = 36*SP - 36*CP.<br>Given Profit = 10*SP => 36*CP = 26*SP.<br>36*SP = 1080 => 1*SP = 30.<br>36*CP = 26 * 30 = 780 => 6*CP = 780/6 = 130.	36 SP = 1080 => 1 SP = 30.<br>36 CP = 26 SP = 26 * 30 = 780.<br>6 CP = 780 / 6 = 130.	40	Source::AbhasSaini
A woman sold her earphone for ₹2,000 and got a percentage profit equal to the numerical value of cost price. The cost price of the earphone is:<br><br>(a) 500<br>(b) 200<br>(c) 600<br>(d) 400	400	Let CP = x, Profit% = x.<br>SP = CP(1 + Profit%/100) => x(1 + x/100) = 2000.<br>x^2 + 100x - 200000 = 0 => (x+500)(x-400) = 0.<br>x = 400.	Check options:<br>If CP=400, Profit=400%.<br>SP = 400 + 400% of 400 = 400 + 1600 = 2000. Correct.	40	Source::AbhasSaini
The numerical value of the profit % is equal to the cost price of a book, on selling it at Rs. 96. So, how much profit is there on selling it?<br><br>(a) 30<br>(b) 26<br>(c) 60<br>(d) 36	36	Let CP = x, Profit% = x.<br>x(1 + x/100) = 96 => x^2 + 100x - 9600 = 0.<br>(x+160)(x-60) = 0 => CP = 60.<br>The options are for Profit amount. If CP=60, Profit = 36.	Check options for Profit:<br>If Profit=36, CP=60. Profit% = 36/60 = 60%. CP=Profit%. Correct.	40	Source::AbhasSaini
The numerical value of the profit % is equal to the cost price of a book, on selling it at Rs. 31.25. So, how much profit is there on selling it?<br><br>(a) 30<br>(b) 25<br>(c) 20<br>(d) 24	25	Let CP = x, Profit% = x.<br>x(1 + x/100) = 31.25 => x^2 + 100x - 3125 = 0.<br>(x+125)(x-25) = 0 => CP = 25. Profit = 6.25.<br>The options likely represent CP, so 25 is the answer.	Check options for CP:<br>If CP=25, Profit=25%.<br>SP = 25 + 25% of 25 = 25 + 6.25 = 31.25. Correct.	40	Source::AbhasSaini
The numerical value of the profit % is equal to the cost price of a book, on selling it at Rs. 144. So, how much profit is there on selling it?<br><br>(a) 70<br>(b) 75<br>(c) 80<br>(d) 85	80	Let CP = x, Profit% = x.<br>x(1 + x/100) = 144 => x^2 + 100x - 14400 = 0.<br>(x+180)(x-80) = 0 => CP = 80.<br>The options represent CP, so 80 is the answer.	Check options for CP:<br>If CP=80, Profit=80%.<br>SP = 80 + 80% of 80 = 80 + 64 = 144. Correct.	40	Source::AbhasSaini
A shopkeeper earns 10% on an investment but losses 20% on another investment. If the ratio of the two investments is 2: 3, then the combined loss percentage is:<br><br>(a) 8% Loss<br>(b) 8% Profit<br>(c) 15% Profit<br>(d) 15% Loss	8% Loss	Let inv1 = 200, inv2 = 300.<br>Profit1 = 10% of 200 = 20.<br>Loss2 = 20% of 300 = -60.<br>Net = -40 on 500.<br>Net % = (-40 / 500) * 100 = -8%.	Weighted average:<br>(2*10 + 3*(-20)) / (2+3) = (20 - 60)/5 = -40/5 = -8%.	40	Source::AbhasSaini
Three fourth of a consignment was sold at a profit of 8% and the rest at a loss of 4%. If there was an overall profit of Rs. 600, then find the values of the consignment.<br><br>(a) Rs.15,000<br>(b) Rs.12,000<br>(c) Rs.18,000<br>(d) Rs.6,000	Rs.12,000	Let total value = x.<br>(3/4)x * 8% + (1/4)x * (-4%) = 600.<br>x * (24% - 4%)/4 = 600 => x * (20%/4) = 600 => x * 5% = 600.<br>x = 600 / 0.05 = 12000.	Weighted avg% = (3*8 - 1*4)/4 = 5%.<br>5% of Total = 600 => Total = 12000.	40	Source::AbhasSaini
A shopkeeper bought a table for ₹4600 and a chair for ₹1800. He sells the table with 10% gain and the chair with 6% gain. Find the overall gain percentage.<br><br>(a) 7 3/4<br>(b) 8<br>(c) 8 7/8<br>(d) 16	8 7/8	Total CP = 4600 + 1800 = 6400.<br>Total Profit = 10% of 4600 + 6% of 1800 = 460 + 108 = 568.<br>Net Profit % = (568 / 6400) * 100 = 568 / 64 = 71/8 = 8 7/8 %.	Profit = 460 + 108 = 568.<br>Profit% = 568 / 6400 = 71/8 = 8 7/8 %.	40	Source::AbhasSaini
Suresh purchased a computer table for ₹9,000 and a center table for ₹4,000. He sold the computer table with 8% profit. With what profit percentage should he sell the centre table so has to gain 10% on the whole transaction?<br><br>(a) 15<br>(b) 12<br>(c) 14<br>(d) 14.5	14.5	Total CP = 9000 + 4000 = 13000.<br>Total desired profit = 10% of 13000 = 1300.<br>Profit on comp = 8% of 9000 = 720.<br>Required profit on center table = 1300 - 720 = 580.<br>Profit % = (580 / 4000) * 100 = 14.5%.	Weighted avg:<br>(9*8 + 4*x) / 13 = 10 => 72 + 4x = 130 => 4x = 58 => x = 14.5.	40	Source::AbhasSaini
A vendor buys bananas at 7 for Rs. 6 and sells at 6 for Rs. 7. What will be the result?<br><br>(a) 36.1% Loss<br>(b) 26.5% Profit<br>(c) 36.1% Profit<br>(d) 26.5% Loss	36.1% Profit	CP of 42 bananas = 6 * 6 = 36.<br>SP of 42 bananas = 7 * 7 = 49.<br>Profit = 49 - 36 = 13.<br>Profit % = (13 / 36) * 100 = 36.11%.	Cross multiply:<br>CP: 7 for 6<br>SP: 6 for 7<br>CP = 6*6=36, SP = 7*7=49.<br>Profit% = 13/36 * 100 = 36.1%.	40	Source::AbhasSaini
A vendor buys bananas at 4 for Rs 3 and sells at 3 for Rs 4. What will be the result?<br><br>(a) 43.75% Profit<br>(b) 77.7% Loss<br>(c) 77.7% Profit<br>(d) 43.75% Loss	77.7% Profit	CP of 12 bananas = 3 * 3 = 9.<br>SP of 12 bananas = 4 * 4 = 16.<br>Profit = 16 - 9 = 7.<br>Profit % = (7 / 9) * 100 = 77.77%.	Cross multiply:<br>CP = 3*3=9. SP = 4*4=16.<br>Profit% = 7/9 * 100 = 77.7%.	40	Source::AbhasSaini
Some fruits are bought at a rate of 11 for ₹100 and an equal number at a rate of 9 for ₹100. If all the fruits are sold at a rate of 10 for ₹100, then what is the gain or loss percent in the entire transaction?<br><br>(a) 5% Profit<br>(b) 1% Loss<br>(c) 1% Profit<br>(d) 5% Loss	1% Loss	CP of 99 = 9*100 = 900. CP of 99 = 11*100 = 1100.<br>Total CP of 198 = 2000 => CP per fruit = 2000/198.<br>SP per fruit = 100/10 = 10.<br>Total SP of 198 = 1980. Loss = 20 on 2000 = 1%.	Buy 11 for 100, 9 for 100. Mix = 198. CP = 2000.<br>SP = 1980 for 198. Loss 1%.	40	Source::AbhasSaini
Vivek bought some Pens at the rate of 5 per rupee and the same number of pen at the rate of 4 per rupee. He mixed both the types of pen and sold at the rate of 9 for 2 rupees. In this transaction he suffered a loss of Rs. 3. The total number of pens bought by him was?<br><br>(a) 1090<br>(b) 1080<br>(c) 540<br>(d) 545	1080	CP of 20 = 4, CP of 20 = 5. Total CP of 40 = 9. CP/pen = 9/40.<br>SP/pen = 2/9. Loss/pen = 9/40 - 2/9 = 1/360.<br>Total Loss = 3 => Total pens = 3 / (1/360) = 1080.	Net loss per pen = 1/360.<br>Total pens = Total loss / loss per pen = 3 * 360 = 1080.	40	Source::AbhasSaini
Shovik purchases two types of sugar: the first type of Rs. 45 per kg and the second type of Rs. 80 per kg. In what ratio should Shovik blend the first type of sugar with the second type so that, by selling each kg of the blended sugar at Rs. 72 per kg, he makes a profit of 20%?<br><br>(a) 4:3<br>(b) 5:4<br>(c) 3:4<br>(d) 3:2	4:3	SP = 72, Profit = 20% => CP = 72 / 1.2 = 60.<br>By Alligation on CP: Type1=45, Type2=80, Mean=60.<br>Ratio = (80-60) : (60-45) = 20 : 15 = 4 : 3.	Mean CP = 72/1.2 = 60.<br>Alligation: (80-60)/(60-45) = 20/15 = 4:3.	40	Source::AbhasSaini
A seller combines 26 kg of rice priced at ₹20 per kg with 30 kg of rice priced at ₹36 per kg and sells the mixture for ₹30 per kg. What is the percentage of profit he makes?<br><br>(a) 8<br>(b) 5<br>(c) 7<br>(d) 3	5	Total CP = 26*20 + 30*36 = 520 + 1080 = 1600.<br>Total SP = (26+30) * 30 = 56 * 30 = 1680.<br>Profit = 80.<br>Profit % = (80 / 1600) * 100 = 5%.	CP = 1600. SP = 1680.<br>Profit% = 80/1600 = 5%.	40	Source::AbhasSaini
A fruit seller purchased 300 bananas at the rate of ₹18 per dozen and sold 200 bananas at the rate of ₹24 per dozen and the remaining bananas at the rate of ₹21 per dozen. What is his net profit percentage?<br><br>(a) 28%<br>(b) 26%<br>(c) 27%<br>(d) 27 7/9%	27 7/9%	Total CP = 300 * (18/12) = 450.<br>SP1 = 200 * (24/12) = 400. SP2 = 100 * (21/12) = 175.<br>Total SP = 575.<br>Profit = 125. Profit % = (125/450)*100 = 250/9 = 27 7/9%.	Profit = 125 on 450.<br>Profit% = 125/450 = 27.77%.	40	Source::AbhasSaini
5 kg of ₹18 per kg wheat is mixed with 2 kg of another type of wheat to get a mixture costing ₹20 per kg. Find the price (per kg) of the costlier wheat.<br><br>(a) 27<br>(b) 25<br>(c) 29<br>(d) 30	25	Let costlier wheat price = x.<br>5 * 18 + 2 * x = 7 * 20.<br>90 + 2x = 140 => 2x = 50 => x = 25.	Alligation: (x - 20)/(20 - 18) = 5/2.<br>x - 20 = 5 => x = 25.	40	Source::AbhasSaini
5 kg of ₹18.75 per kg wheat is mixed with 2.75 kg of another type of wheat to get a mixture costing ₹20.75 per kg. Find the price (per kg) of the costlier wheat<br><br>22.55<br>21.55<br>23<br>23.55	22.55	Let costlier price = x.<br>2.5*18.75 + 2.75*x = 5.25*20.75.<br>46.875 + 2.75x = 108.9375 => 2.75x = 62.0625.<br>x = 22.568. Closest option is 22.55.	Alligation: (x - 20.75)/(20.75 - 18.75) = 2.5 / 2.75 = 10/11.<br>x - 20.75 = 20/11 = 1.81. x ≈ 22.56.	40	Source::AbhasSaini
A shopkeeper sold 6 shirts of company A for 4,290 at 10% profit and 8 shirts of company B for 6,156 at 14% profit. What was his profit percentage (correct to 2 decimal places)?<br><br>(a) 12.32%<br>(b) 12%<br>(c) 12.5%<br>(d) 12.75%	12.32%	CP_A = 4290 / 1.1 = 3900. Profit A = 390.<br>CP_B = 6156 / 1.14 = 5400. Profit B = 756.<br>Total CP = 9300. Total Profit = 1146.<br>Profit % = 1146 / 9300 * 100 = 12.32%.	Total CP = 9300. Total Profit = 1146.<br>Profit% = 1146/9300 * 100 ≈ 12.32%.	40	Source::AbhasSaini
Reshma sells two-third of goods at a profit of 26%, 20% of the remaining goods at a profit of 40% and the remaining goods at a loss of 25%. Assuming all goods are of the same cost price, what is her overall gain percentage in the whole transaction?<br><br>a) 15%<br>b) 12%<br>c) 13 1/3%<br>d) 12 2/3%	13 1/3%	Parts: 2/3, 20% of 1/3 = 1/15, Remaining = 4/15.<br>Net Profit = (10/15)*26% + (1/15)*40% + (4/15)*(-25%).<br>= (260 + 40 - 100) / 15 = 200 / 15 = 40/3 = 13 1/3%.	Net% = (10*26 + 1*40 - 4*25)/15 = 200/15 = 13 1/3%.	40	Source::AbhasSaini
A shopkeeper purchased 120 items and sold 45 items at a profit of 12% and remaining items at a profit of 25%. If he had sold all of them at a uniform profit of 15%, he would have got Rs.126.69 less. What is the cost price (in Rs.) of each item?<br><br>a) 24.8<br>b) 20.6<br>c) 16.7<br>d) 18.4	20.6	Profit currently = 45*12% + 75*25% = 5.4 + 18.75 = 24.15 CP units.<br>If 15% uniform, Profit = 120*15% = 18 CP units.<br>Diff = 6.15 * CP = 126.69 => CP = 126.69 / 6.15 = 20.6.	Diff in profit% = 24.15x - 18x = 6.15x = 126.69 => x = 20.6.	40	Source::AbhasSaini
A person bought a horse and a carriage for Rs. 72,000. He sold the horse at a profit of 12% and the carriage at a loss of 7.5%, there by gaining 3.875% on the whole transaction. What was the cost of the horse?<br><br>a) Rs. 42,000<br>b) Rs. 40,000<br>c) Rs. 41,000<br>d) Rs. 43,000	Rs. 42,000	Total CP=72000. H profit=12%, C loss=-7.5%, Total gain=3.875%.<br>Alligation: (3.875 - (-7.5)) / (12 - 3.875) = 11.375 / 8.125 = 7/5.<br>Horse CP = (7/12) * 72000 = 42000.	Alligation: Ratio = 11.375 : 8.125 = 7 : 5.<br>Horse = 7/12 * 72000 = 42000.	40	Source::AbhasSaini
A person purchases 90 copper water bottles and sells 40 copper bottles at a gain of 12% and 50 copper bottles at a gain of 20%. If he sold all of them at a uniform profit of 16%, then he would have got Rs. 50 less. What is the cost price (in Rs.) of 90 copper bottles?<br><br>a) 11,900<br>b) 11,750<br>c) 11,500<br>d) 11,250	11,250	Current profit% = (40*12 + 50*20)/90 = 16.44%.<br>Diff = 16.44% - 16% = 4/9 %.<br>4/9% of CP = 50 => CP = 50 * 900 / 4 = 11250.	Profit diff = 4/9 %.<br>Total CP = 50 / (4/900) = 11250.	40	Source::AbhasSaini
A person buys 5 tables and 9 chairs for 15,400. He sells the tables at 10% profit and chairs at 20% profit. If his total profit on selling all the tables and chairs is 2080 rupees. What is the cost price of 3 chairs?<br><br>a) 1890<br>b) 1740<br>c) 1800<br>d) 1860	1800	0.10*(5T) + 0.20*(9C) = 2080 => 0.1*(5T + 9C) + 0.1*(9C) = 2080.<br>0.1*(15400) + 0.9C = 2080 => 1540 + 0.9C = 2080 => 0.9C = 540 => 1C = 600.<br>3C = 1800.	5T+9C=15400. Profit = 2080.<br>Shift: 10% on all = 1540. Extra 10% on 9C = 540.<br>9C = 5400 => 3C = 1800.	40	Source::AbhasSaini
The ratio of the cost price of product A to that of B is 7 : 9. Product A was sold at a profit of 80% and product B was sold at a profit of 20%. If the total profit earned after selling both the products A and B is Rs 407. What is the difference between the cost prices of product A and B?<br><br>A. 110<br>B. 100<br>C. 120<br>D. 115	110	Profit = 0.8*(7x) + 0.2*(9x) = 5.6x + 1.8x = 7.4x.<br>7.4x = 407 => x = 55.<br>Diff = 9x - 7x = 2x = 110.	Net profit parts = 5.6 + 1.8 = 7.4 parts.<br>7.4 parts = 407 => 1 part = 55.<br>Diff = 2 parts = 110.	40	Source::AbhasSaini
A shopkeeper buys a note book for ₹85. He wants a profit of 20% after giving a discount of 15%. At what price should he mark the note book?<br><br>(a) ₹105<br>(b) ₹110<br>(c) ₹115<br>(d) ₹120	₹120	CP = 85. Profit = 20%. SP = 85 * 1.20 = 102.<br>Discount = 15%. SP = MP * 0.85.<br>MP = 102 / 0.85 = 120.	MP/CP = 1.20 / 0.85 = 120 / 85.<br>MP = 120.	40	Source::AbhasSaini
A dealer allows his customers a discount of 15% and still gains 15%. If an article cost ₹2,500 to the dealer, then its marked price is (correct to nearest integer) :<br><br>(a) ₹3,382<br>(b) ₹4,382<br>(c) ₹1,312<br>(d) ₹3,182	₹3,382	CP = 2500. Profit = 15%. SP = 2500 * 1.15 = 2875.<br>Discount = 15%. SP = MP * 0.85.<br>MP = 2875 / 0.85 ≈ 3382.35.	MP = CP * (115/85) = 2500 * (23/17) = 3382.	40	Source::AbhasSaini
A seller gives 4 toys free of cost on buying 14 toys. What percent does the customer get as a discount?<br><br>(a) 21(2/9)%<br>(b) 22 (2/9)%<br>(c) 24(2/9)%<br>(d) 25	22 (2/9)%	Free = 4. Total items taken = 18.<br>Discount = Free / Total = 4 / 18 = 2/9.<br>Discount % = 22.22%.	Discount = 4/18 = 2/9 = 22 2/9 %.	40	Source::AbhasSaini
An article is sold at a discount of 10% and an additional discount of 40% is allowed on cash payment. If Anita purchased an article by paying ₹2,700 in cash, the marked price of the article was:<br><br>(a) 5,000<br>(b) 2,500<br>(c) 2,000<br>(d) 5,500	5,000	MP * (1 - 0.10) * (1 - 0.40) = 2700.<br>MP * 0.9 * 0.6 = 2700 => MP * 0.54 = 2700.<br>MP = 5000.	54% of MP = 2700 => MP = 5000.	40	Source::AbhasSaini
The marked price of a mobile phone was ₹35,600. The shop owner offered a 10% trade discount on the marked price but on further request by the customer, he sold the phone for ₹30,000 after giving a cash discount. How much is this cash discount as a percentage of the price after the trade discount? (Give your answer correct to 2 decimal places ).<br><br>(a) 6.37%<br>(b) 5.75%<br>(c) 4.95%<br>(d) 5.25%	6.37%	Price after trade = 35600 * 0.9 = 32040.<br>Final SP = 30000. Cash discount = 2040.<br>Cash discount % = 2040 / 32040 * 100 ≈ 6.37%.	Cash disc = 2040 on 32040.<br>2040/32040 * 100 ≈ 6.37%.	40	Source::AbhasSaini
Namitha gives a 20% discount on all things in her shop and yet makes a profit of 12%. What is the cost price of an item with marked price of 280?<br><br>(a) 215<br>(b) 210<br>(c) 212<br>(d) 200	200	CP * 1.12 = MP * 0.80.<br>CP * 1.12 = 280 * 0.80 = 224.<br>CP = 224 / 1.12 = 200.	CP = MP * (80/112) = 280 * 5/7 = 200.	40	Source::AbhasSaini
A shopkeeper gives a discount of 25% on a purse. If he gives a discount of 37%, he earns ₹120 less in profit. Find the marked price.<br><br>(a) ₹1,200<br>(b) ₹1,000<br>(c) 1,220<br>(d) ₹1,500	₹1,000	Diff in discount = 37% - 25% = 12%.<br>12% of MP = 120.<br>MP = 120 / 0.12 = 1000.	12% = 120 => 100% = 1000.	40	Source::AbhasSaini
The marked price of a mobile phone is 12% more than its cost price. If a discount of 8% is given on the marked price, then the gain per cent is:<br><br>(a) 2.92%<br>(b) 2.12%<br>(c) 3.04%<br>(d) 4.03%	3.04%	Let CP = 100, MP = 112.<br>SP = 112 * (1 - 0.08) = 112 * 0.92 = 103.04.<br>Gain = 103.04 - 100 = 3.04%.	Successive: 12 - 8 - (12*8)/100 = 4 - 0.96 = 3.04%.	40	Source::AbhasSaini
When payment is made online, the discount offered is 20%. Additional discount of 8% is given to ABC credit card holders. Sandeep buys a laptop of ₹35,000 by paying online and pays through his ABC credit card. How much does he need to pay?<br><br>(a) ₹25,750<br>(b) ₹25,760<br>(c) ₹25,770<br>(d) ₹25,740	₹25,760	MP = 35000.<br>SP = 35000 * (1 - 0.20) * (1 - 0.08) = 35000 * 0.8 * 0.92 = 28000 * 0.92 = 25760.	35000 * 0.80 * 0.92 = 25760.	40	Source::AbhasSaini
Kuldeep offers his customers a discount of 10% on the marked price of a suitcase and he still makes a profit of 20%. What is the actual cost of the suitcase marked for ₹2,500?<br><br>(a) ₹1,860<br>(b) ₹ 1,875<br>(c) ₹ 1,865<br>(d) ₹1,870	₹ 1,875	CP * 1.20 = 2500 * 0.90 = 2250.<br>CP = 2250 / 1.20 = 1875.	CP = MP * (90/120) = 2500 * (3/4) = 1875.	40	Source::AbhasSaini
The marked price of every item being sold by a wholesaler was Rs. 300. The wholesaler was offering a stock-clearance sale under which, for every three items paid for, one item was being given free. In addition to this, a further 10% discount on the amount payable on the ‘Buy 3, Get 1 free’ scheme price was being offered to anyone making purchases worth more than Rs. 10,000. Ramesh made purchases for which this amount payable was Rs. 18,000. What was the effective percentage discount that was offered to Ramesh during this transaction?<br><br>(a) 32%<br>(b) 31.5%<br>(c) 32.5%<br>(d) 32.75%	32.5%	Buy 3 get 1 free => 25% discount. Eqv SP = 3/4 MP = 0.75 MP.<br>Additional 10% disc => SP = 0.75 * 0.9 = 0.675 MP.<br>Total discount = 1 - 0.675 = 0.325 = 32.5%.	Successive of 25% and 10%: 25 + 10 - 2.5 = 32.5%.	40	Source::AbhasSaini
Under a sale offer, Tanvir was offered a 32% discount on the part of the marked price that was paid in cash, but had to add 1.2% on the part of the marked price paid through a credit card. If Tanvir paid 75% of the marked price in cash and the rest through a credit card, what percentage of the marked price was his total final payment?<br><br>(a) 76.6%<br>(b) 75.9%<br>(c) 76.1%<br>(d) 76.3%	76.3%	Payment = 75% * (1 - 0.32) + 25% * (1 + 0.012).<br>= 0.75 * 0.68 + 0.25 * 1.012 = 0.51 + 0.253 = 0.763 = 76.3%.	Cash: 75% @ 68%. Credit: 25% @ 101.2%. Sum = 76.3%.	40	Source::AbhasSaini
Under a sale offer, Suresh was offered 20% discount on the part of the marked price that was paid in cash, but was charged 0.5% on the part of the marked price paid through a credit card. If Suresh paid 40% of the marked price in cash and the rest through a credit card, what percentage of the marked price was his total final payment?<br><br>(a) 93.2%<br>(b) 92.6%<br>(c) 92.8%<br>(d) 92.3%	92.3%	Payment = 40% * 0.80 + 60% * 1.005.<br>= 0.32 + 0.603 = 0.923 = 92.3%.	40% @ 80% + 60% @ 100.5% = 92.3%.	40	Source::AbhasSaini
A dishonest dealer professes to sell at cost price but uses 900 grams weight instead of 1kg weight. Find the profit percentage to the dealer.<br><br>10%<br>11.11%<br>12.5%<br>9.09%	11.11%	Profit = (True Weight - False Weight) / False Weight = (1000 - 900) / 900.<br>= 100/900 = 11.11%.	Profit = 100/900 = 11.11%.	40	Source::AbhasSaini
A dishonest shopkeeper professes to sell potatoes at the cost price, but he weighs 950 g, instead of 1 kg. What is the percentage of profit?<br><br>5.26%<br>6.25%<br>6.66%<br>5%	5.26%	Profit = (1000 - 950) / 950 = 50 / 950 = 1/19.<br>1/19 = 5.26%.	Profit = 50/950 = 1/19 = 5.26%.	40	Source::AbhasSaini
A dishonest dealer claimed he sells rice at a loss of 5%, but he used faulty weights and weighs 20% less rice. Calculate his overall loss or gain%.<br><br>18.75%<br>20%<br>17.5%<br>19%	18.75%	SP = 0.95 CP, Weight given = 0.80 CP.<br>Profit = 0.95 - 0.80 = 0.15.<br>Profit % = 0.15 / 0.80 * 100 = 18.75%.	SP/CP = 95/80. Profit = 15/80 = 18.75%.	40	Source::AbhasSaini
During the lockdown, a state government gives 2 kg of rice to each people at cost price but uses false weight of 1800 gm instead of 2 kg. Find the government profit percent. ?<br><br>11.11%<br>9.09%<br>10%<br>9%	11.11%	SP = Cost of 2kg. Weight = 1.8kg.<br>Profit = 0.2kg on 1.8kg = 2/18 = 1/9 = 11.11%.	Profit = 200/1800 = 1/9 = 11.11%.	40	Source::AbhasSaini
Aman used a false weight of ‘k’ grams instead of 1 kg and sold 40 kg sugar for the cost price of 48 kg sugar. If his overall gain percent is 50%, what is the value of k?<br><br>750<br>800<br>850<br>900	800	Gain = 50% => SP = 1.5 CP.<br>Paid for 48kg, gave 40 * (k/1000).<br>48000 / (40k) = 1.5 => 60k = 48000 => k = 800.	48/40 * 1000/k = 1.5 => k = 800.	40	Source::AbhasSaini
In a defective balance the weight of left edge is 100 gm more than its right edge. A shopkeeper while purchasing keeps weights on left edge and while selling keeps weights on right edge. He only uses weight of 1 kg. If he sells the things on marked price, then his profit is:<br><br>200/9 %<br>100/9 %<br>250/9 %<br>150/9 %	200/9 %	Buys 1100g, sells 900g for same price.<br>SP/CP = 1100 / 900 = 11/9.<br>Profit = 2 on 9 = 2/9 = 22.22% = 200/9%.	Ratio = 1100/900. Profit = 2/9 = 200/9 %.	40	Source::AbhasSaini
A man markup oranges up 30% and give 1 Orange free for buying 5 oranges. Find the profit% and loss%?<br><br>8%<br>8.33%<br>8.5%<br>9	8.33%	MP = 1.3 CP. Sell 6 for price of 5.<br>SP = (5 * 1.3) / 6 CP = 6.5 / 6 CP = 13/12 CP.<br>Profit = 1/12 = 8.33%.	SP/CP = 1.3 * (5/6) = 6.5/6 = 13/12. Profit 8.33%.	40	Source::AbhasSaini
A man markup oranges up X% and provided scheme '7 oranges free on buying 5 oranges and gets 10% profit ? Find the value of X ?<br><br>64<br>100<br>164<br>264	164	Profit 10% => SP = 1.1 CP.<br>Sell 12 for price of 5 => SP = 5/12 * MP.<br>5/12 * (1 + X/100) = 1.1 => 1 + X/100 = 2.64 => X = 164.	1.1 = (1+X/100) * 5/12 => 1+X/100 = 2.64 => X = 164.	40	Source::AbhasSaini
A shopkeeper mark up 20% on his articles, uses faulty weight 450gm in place of 500gm and give discount of 40%. Find the profit% or loss% ?<br><br>Loss 20%<br>Profit 20%<br>Loss 16.66%<br>Profit 16.66%	Loss 20%	Markup 1.20, disc 0.60, weight 500/450 = 10/9.<br>Net SP/CP = 1.20 * 0.60 * (10/9) = 0.80.<br>Loss = 20%.	Net = 1.2 * 0.6 * (10/9) = 0.8. Loss 20%.	40	Source::AbhasSaini
Shambhu buys rice at Rs. 10/kg, and puts a price tag on it so as to earn a profit of 20%. However, his faulty balance shows 1000 grams when it actually is 800 grams. What is his actual gain percentage?<br><br>50%<br>40%<br>25%<br>20%	50%	Customer pays for 1000g (Rs. 12). Gives 800g (Cost = 8).<br>SP = 12, CP = 8. Profit = 4/8 = 50%.	SP/CP = (1.2 * 10) / (0.8 * 10) = 12/8 = 1.5 => 50% profit.	40	Source::AbhasSaini
In summer, meter tape of a merchant expands by 14.29% and merchant markup his articles by 40% ? find profit % or loss% ?<br><br>22.5%<br>25%<br>27.5%<br>20%	22.5%	Tape expands => gives 8/7 m for 1m price.<br>SP/CP = 1.40 / (8/7) = 1.4 * 7/8 = 9.8/8 = 1.225.<br>Profit = 22.5%.	SP/CP = 1.40 * (7/8) = 1.225. Profit 22.5%.	40	Source::AbhasSaini
A merchant uses a 110cm tape instead of 1 m while buying the clothes, while selling the clothes he used 90 cm tape instead of 1m and then he offer a discount of 10%. Find Profit or loss % ?<br><br>12.5%<br>15%<br>10%<br>20%	10%	Buys 110cm for 100. Sells 90cm for 90.<br>CP per cm = 100/110. SP per cm = 90/90 = 1.<br>SP/CP = 1 / (10/11) = 1.1 => 10% profit.	SP/CP = (110/100) * (90/90) = 1.1. Wait, buy 110 for 100, sell 90 for 90 => SP/CP = 1.1. Profit 10%.	40	Source::AbhasSaini
A flat 25% offer is running at a store and above it the Shop Owner is providing 3 articles free for every 7 articles getting sold. If the store is making a profit of 40% in the whole transaction, find the markup percentage.<br><br>a 166.66%<br>b 150%<br>c 200%<br>d 133.33%	a 166.66%	Flat 25% disc, 3 free on 7 (so 10 total). Profit 40%.<br>SP = MP * 0.75 * 0.7 = 1.4 CP.<br>MP = 1.4 CP / 0.525 = 2.666 CP. Markup 166.66%.	MP/CP = 1.40 / (0.75 * 0.7) = 1.4 / 0.525 = 8/3 => 166.66% markup.	40	Source::AbhasSaini
A dishonest dealer is selling sugar at 40 per kg and pretending that he is selling it at a loss of ₹5 per kg but he actually gives 800 g instead of 1 kg, using a faculty weight. What is his actual profit or loss percent?<br><br>(a) Gain, 11%<br>(b) Gain, 100/9%<br>(c) Loss, 91/9%<br>(d) Loss, 82/9%	Gain, 100/9%	CP = 45 (since 40 is loss of 5). SP = 40.<br>Weight = 0.8. Actual CP = 45 * 0.8 = 36.<br>Profit = 40 - 36 = 4. Profit% = 4/36 = 1/9 = 11.11% = 100/9%.	SP/CP = 40 / (45 * 0.8) = 40/36 = 10/9. Gain 100/9%.	40	Source::AbhasSaini
Sudhir claimed to sell his items at only 8% above the cost of production, but used a weight that had 750 grams written on it, though it actually weighed 720 gram. What was the actual profit percentage earned by Sudhir?<br><br>(a) 12.6%<br>(b) 12.25%<br>(c) 12.5%<br>(d) 12.75%	12.5%	SP = 750 * 1.08 = 810.<br>Actual CP = 720. Profit = 90.<br>Profit% = 90/720 = 1/8 = 12.5%.	SP/CP = 810/720 = 9/8. Profit 12.5%.	40	Source::AbhasSaini
An authorized rice dealer purchases rice at 32 per kg and sells it at 40 per kg. But while selling, he is giving only 900 grams instead of 1 kg. Find the actual profit percentage of the dealer (correct to one decimal place)<br><br>(a) 37.8%<br>(b) 39.7%<br>(c) 39.8%<br>(d) 38.9%	38.9%	CP for 900g = 32 * 0.9 = 28.8.<br>SP = 40. Profit = (40 - 28.8) / 28.8 = 11.2 / 28.8 ≈ 38.88%.	SP/CP = 40 / (32 * 0.9) = 40 / 28.8 ≈ 1.3888. Profit 38.9%.	40	Source::AbhasSaini
Subir claimed to sell his items at only 5% above the cost of production, but used a weight that had 1 kg written on it, though it actually weighed 960 grams. What was the actual profit percentage earned by Subir?<br><br>(a) 9.125%<br>(b) 9.375%<br>(c) 9.25%<br>(d) 9.5%	9.375%	SP = 1000 * 1.05 = 1050.<br>CP = 960. Profit = 90.<br>Profit% = 90/960 = 9/96 = 9.375%.	SP/CP = 1050/960 = 105/96. Profit 9/96 = 9.375%.	40	Source::AbhasSaini
Under a sale offer, Suresh was offered 20% discount on the part of the marked price that was paid in cash, but was charged 0.5% on the part of the marked price paid through a credit card. If Suresh paid 40% of the marked price in cash and the rest through a credit card, what percentage of the marked price was his total final payment?<br><br>(a) 93.2%<br>(b) 92.6%<br>(c) 92.8%<br>(d) 92.3%	92.3%	Payment = 40% * 0.80 + 60% * 1.005.<br>= 0.32 + 0.603 = 0.923 = 92.3%.	Same as 33. Cash: 40%@80%, Credit 60%@100.5% => 92.3%.	40	Source::AbhasSaini
A shopkeeper wanted to sell ₹3,000 worth of products. He gave two options-giving three successive discounts of 10% each, or giving a single discount of 30%. If a buyer chooses the former option how much extra/less does he pay as compared to the second option?<br><br>(a) rs.87 less<br>(b) rs.60 extra<br>(c) rs.87 extra<br>(d) rs.60 less	rs.87 extra	30% off => SP = 2100.<br>3x10% off => SP = 3000 * 0.729 = 2187.<br>Diff = 2187 - 2100 = 87 extra.	2187 vs 2100 => 87 extra.	40	Source::AbhasSaini
The marked price of a shirt is 2,150. Let two successive discounts offered by the store be 10% and 'x%'. If the selling price of the shirt is 1,505, then calculate the value of 'x'. [Give your answer correct to two decimal places.]<br><br>(a) 24.44%<br>(b) 24.24%<br>(c) 22.22%<br>(d) 22.42%	22.22%	2150 * 0.9 * (1 - x/100) = 1505.<br>1935 * (1 - x/100) = 1505 => 1 - x/100 = 7/9.<br>x = 200/9 ≈ 22.22%.	1935 to 1505 is 430 off. 430/1935 = 2/9 = 22.22%.	40	Source::AbhasSaini
The price of an article is raised by 45% and then two successive discounts of 15% each are allowed. Ultimately the price of the article is<br><br>(a) decreased by 7.7625%<br>(b) increased by 4.7625%<br>(c) decreased by 4.7625%<br>(d) increased by 7.7625%	increased by 4.7625%	Final = 1.45 * 0.85 * 0.85 = 1.45 * 0.7225 = 1.047625.<br>Increase = 4.7625%.	1.45 * 0.85^2 = 1.047625. +4.7625%.	40	Source::AbhasSaini
A shopkeeper wanted to sell ₹2,700 worth of products. But he had two options_ giving two successive discounts of 10% and 15%, respectively, or giving a single discount of 25%. What was the difference between the two options?<br><br>(a) 40.50<br>(b) 42.75<br>(c) 44.00<br>(d) 47.50	40.50	Succ: 10+15-1.5 = 23.5%. Single: 25%.<br>Diff = 1.5%.<br>1.5% of 2700 = 40.50.	Diff = 1.5% of 2700 = 40.50.	40	Source::AbhasSaini
A man sells goods at 4% loss on cost price but he gives 20 g instead of 40 g. What is his profit or loss percentage?<br><br>(a) 84% profit<br>(b) 92% profit<br>(c) 82% loss<br>(d) 92% loss	92% profit	SP = 0.96 * 40 = 38.4. CP = 20.<br>Profit = 18.4 / 20 = 92%.	SP/CP = 38.4/20 = 1.92. 92% profit.	40	Source::AbhasSaini
A shopkeeper marks up his goods by 30% and then gives a discount of 10% on the marked price. Apart from this, he uses a faulty balance which reads 1 kg for 870g. What is his net profit percentage?<br><br>(a) 38.42%<br>(b) 34.84%<br>(c) 34.48%<br>(d) 38.24%	34.48%	SP = 1000 * 1.3 * 0.9 = 1170. CP = 870.<br>Profit = 300 / 870 = 30/87 = 34.48%.	SP/CP = 1170/870 = 117/87 = 39/29. Profit 10/29 = 34.48%.	40	Source::AbhasSaini
A new mobile is introduced into the market and is marked at 25% above its original cost price. What discount should be given on the marked price to gain a profit of 20%?<br><br>(a) 2.50%<br>(b) 5%<br>(c) 4%<br>(d) 10%	4%	MP = 125, Target SP = 120.<br>Discount = 5 on 125 = 4%.	Disc = 5/125 = 4%.	40	Source::AbhasSaini
By using faulty weight, a shopkeeper cheats to the extent of 6% while buying and selling rice. Find his gain percentage (rounded to two decimal places).<br><br>(a) 14.66%<br>(b) 13.65%<br>(c) 12.77%<br>(d) 11.25%	12.77%	Buys 106 for 100, sells 94 for 100.<br>SP/CP = 106 / 94 = 1.1276...<br>Profit ≈ 12.77%.	SP/CP = 106/94. Profit 12/94 = 12.77%.	40	Source::AbhasSaini
A shopkeeper uses 940 gm weight in place of one kg weight. He sells it at 4% profit. What will be the actual profit percentage? (Rounded off to two decimal places)<br><br>a) 9.25%<br>b) 10.32%<br>c) 10.64%<br>d) 10.96%	10.64%	SP = 1040, CP = 940.<br>Profit = 100 / 940 ≈ 10.64%.	Profit = 100/940 = 10.64%.	40	Source::AbhasSaini
A shopkeeper sells an item at a profit of 15% and uses a weight which is 20% less. Find his actual profit percentage.<br><br>a) 42.5%<br>b) 50%<br>c) 40%<br>d) 43.75%	43.75%	SP = 1.15, CP = 0.8.<br>SP/CP = 1.15 / 0.8 = 1.4375. Profit = 43.75%.	SP/CP = 1.15/0.8 = 1.4375. Profit 43.75%.	40	Source::AbhasSaini
The cost price and selling price of rice are the same. Due to a faulty weighing machine, the seller earns a 15% profit. If Rs. x is the cost price of 1000 gm rice and the machine is changed which shows 1000 gm instead of 950 gm, what should be the selling price (in) now to get the same percentage of profit?<br><br>a) 1.0295x<br>b) 1.0259x<br>c) 1.0925x<br>d) 1.0950x	1.0925x	New CP for 950g = 0.95x. Profit target = 15%.<br>SP = 0.95x * 1.15 = 1.0925x.	SP = 0.95x * 1.15 = 1.0925x.	40	Source::AbhasSaini
A dishonest shopkeeper sells mangoes at Rs. 30/kg bought at Rs. 20/kg and he is giving 800 g instead of 1 kg. The shopkeeper's actual profit percentage is:<br><br>a) 75%<br>b) 37.5%<br>c) 50%<br>d) 87.5%	87.5%	CP for 800g = 20 * 0.8 = 16. SP = 30.<br>Profit = 14 / 16 = 87.5%.	SP/CP = 30/16 = 1.875. Profit 87.5%.	40	Source::AbhasSaini
R's weighing machine shows 400 gm when the actual weight is 350 gm. The cost price of almonds is ₹880 per kg and packets of 200 gm are made using the faulty machine. What should be the selling price (in Rs.) of each packet to get a profit of 25%?<br><br>a) 197.50<br>b) 175.50<br>c) 182.50<br>d) 192.50	192.50	Actual weight in 200g pkt = 350/2 = 175g.<br>CP = 880 * 0.175 = 154. SP = 154 * 1.25 = 192.5.	CP = 154. SP = 154 * 1.25 = 192.5.	40	Source::AbhasSaini
A dishonest dealer sells articles at 15% loss on cost price but uses the weight of 20 g instead of 25 g. What is his profit or loss percentage?<br><br>a) 6.25% Profit<br>b) 6.50% Profit<br>c) 7.55% Loss<br>d) 5.25% Loss	6.25% Profit	SP = 25 * 0.85 = 21.25. CP = 20.<br>Profit = 1.25 / 20 = 6.25%.	SP/CP = 21.25/20 = 1.0625. Profit 6.25%.	40	Source::AbhasSaini
By selling 104 metres of cloth, one gains the selling price of 13 metres. The gain percentage is:<br><br>a) 14 2/7%<br>b) 15 3/7%<br>c) 17 5/7%<br>d) 16 4/7%	14 2/7%	Profit = SP_104 - CP_104 = SP_13.<br>CP_104 = SP_91 => SP/CP = 104/91 = 8/7.<br>Profit = 1/7 = 14 2/7%.	SP/CP = 104/91 = 8/7. Profit 1/7 = 14 2/7%.	40	Source::AbhasSaini
While selling to the retailer, a company allows 30% discount on the marked price of its products. If the retailer sells those products at marked price, his profit per cent will be<br><br>(a) 42(8/7)%<br>(b) 42(6/7)%<br>(c) 42(4/7)%<br>(d) 42(2/7)%	42(6/7)%	Retailer CP = 0.7 MP. SP = 1.0 MP.<br>Profit = 0.3 MP.<br>Profit % = (0.3 / 0.7) * 100 = 300/7 % = 42 6/7 %.	SP/CP = 1.0 / 0.7 = 10/7. Profit 3/7 = 42.85%.	40	Source::AbhasSaini
A washing machine marked at 28,000 is sold at two successive discounts of 15% and 10%. An additional discount of 5% is offered for cash payment. The selling price of the washing machine at cash payment is:<br><br>(a) 21,458<br>(b) 19,568<br>(c) 20,349<br>(d) 18,851	20,349	SP = 28000 * 0.85 * 0.90 * 0.95<br>= 23800 * 0.9 * 0.95 = 21420 * 0.95 = 20349.	28000 * 0.85 * 0.9 * 0.95 = 20349.	40	Source::AbhasSaini
The marked price of an article is 30% more than the cost price. A discount of 15% is offered on the marked price. By what percentage is the final price more than the cost price?<br><br>(a) 10.5%<br>(b) 15.5%<br>(c) 19.5%<br>(d) 8.5%	10.5%	Let CP = 100. MP = 130.<br>SP = 130 * 0.85 = 110.5.<br>More than CP by 10.5%.	1.3 * 0.85 = 1.105. 10.5%.	40	Source::AbhasSaini
A watch dealer pays 10% custom duty on a watch that costs Rs. 250 abroad. For how much should he mark it, if he desires to make a profit of 20% after giving a discount of 25% to the buyer?<br><br>A. 400<br>B. 440<br>C. 275<br>D. 330	440	CP = 250 * 1.10 = 275.<br>Profit 20% => SP = 275 * 1.20 = 330.<br>Discount 25% => MP = 330 / 0.75 = 440.	MP = 275 * (1.2/0.75) = 440.	40	Source::AbhasSaini
A shopkeeper allows a discount of 22% on the MP of certain article and makes a profit of 25%. If the article cost the shopkeeper Rs 1950 what price must be marked on the article?<br><br>a)Rs3340<br>b)Rs3275<br>c)Rs2995<br>d)Rs3125	Rs3125	CP = 1950. SP = 1950 * 1.25.<br>Discount 22% => MP * 0.78 = SP.<br>MP = 1950 * 1.25 / 0.78 = 3125.	MP = 1950 * 1.25 / 0.78 = 3125.	40	Source::AbhasSaini
A shopkeeper buys an article for Rs 1785 and marks it for sale at a price that gives him 14.28% profit on his cost. He, however , gives a 16.66% discount on the MP to his customer calculate the actual Loss % made by the shopkeeper?<br><br>a)4%<br>b)4.26%<br>c)4.76%<br>d)5%	4.76%	MP/CP = 1 + 1/7 = 8/7.<br>SP/MP = 1 - 1/6 = 5/6.<br>SP/CP = 8/7 * 5/6 = 40/42 = 20/21.<br>Loss = 1/21 = 4.76%.	Successive: +1/7, -1/6 => Net = 20/21. Loss 4.76%.	40	Source::AbhasSaini
A shopkeeper buys an article for Rs 1454 and marks it for sale at a price that gives him X% profit on his cost. He, however , gives two discount of 9.09% and 14.28% on the MP to his customer, actual % profit made by the shopkeeper is 28.56% find the value of X?<br><br>45<br>100<br>55<br>60	65	SP/CP = MP/CP * 10/11 * 6/7.<br>Profit = 28.56% (2/7) => SP/CP = 9/7.<br>MP/CP * 60/77 = 9/7 => MP/CP = 99/60 = 1.65. X=65.	MP/CP = (9/7) / (60/77) = 1.65. Markup 65%.	40	Source::AbhasSaini
A shopkeeper buys an article for Rs 1454 and marks it for sale at a price that gives him X% profit on his cost. He, however , gives two discount of 14.28% and 28.56% on the MP to his customer, actual % profit made by the shopkeeper is 50% find the value of X?<br><br>45<br>100<br>145<br>150	145	SP/CP = MP/CP * 6/7 * 5/7.<br>Profit = 50% => SP/CP = 3/2.<br>MP/CP * 30/49 = 3/2 => MP/CP = 147/60 = 2.45. X=145.	MP/CP = 1.5 * 49/30 = 2.45. Markup 145%.	40	Source::AbhasSaini
A shopkeeper buys an article on discount of 14.29% on MP. Shopkeeper mark it Rs192 more than CP and given 16.66% discount on it. Profit gained is Rs132. Find initial MP?<br><br>a)168<br>b)196<br>c)192<br>d)182	196	CP = 6/7 MP1. MP2 = CP + 192.<br>SP = 5/6(CP + 192). Profit = SP - CP = 132.<br>160 - 1/6 CP = 132 => 1/6 CP = 28 => CP = 168.<br>MP1 = 168 * 7/6 = 196.	1/6 CP = 28 => CP = 168. MP = 196.	40	Source::AbhasSaini
A shopkeeper buys an article on discount of 20% on MP. Shopkeeper mark it Rs 200 more than CP and given 10% discount on it. Profit gained is Rs148. Find initial MP?<br><br>400<br>440<br>490<br>550	400	CP = 0.8 MP1. MP2 = CP + 200.<br>SP = 0.9(CP + 200). Profit = 180 - 0.1 CP = 148.<br>0.1 CP = 32 => CP = 320. MP1 = 320/0.8 = 400.	0.1 CP = 32 => CP = 320. MP1 = 400.	40	Source::AbhasSaini
A shopkeeper buys an article for Rs 1234 and marks it for sale at a price that gives him 11.11% profit on his cost. He, however , gives a 9.09% discount on the MP to his customer calculate the actual % profit made by the shopkeeper?<br><br>a)1%<br>b)1.01%<br>c)1.25%<br>d)0.99%	1.01%	MP/CP = 10/9. SP/MP = 10/11.<br>SP/CP = 10/9 * 10/11 = 100/99.<br>Profit = 1/99 = 1.01%.	Net = 100/99 => Profit 1.01%.	40	Source::AbhasSaini
A shopkeeper buys an article for Rs 1331 and marks it for sale at a price that gives him 20%% profit on his cost. He, however , gives a 15% discount on the MP to his customer calculate the actual % profit made by the shopkeeper?<br><br>a)3%<br>b)2%<br>c)1.25%<br>d)1.5%	2%	MP/CP = 6/5. SP/MP = 17/20.<br>SP/CP = 6/5 * 17/20 = 102/100.<br>Profit = 2%.	1.2 * 0.85 = 1.02 => Profit 2%.	40	Source::AbhasSaini
Gaurav bought an article for Rs.X. He spent Rs.650 on its repair. He marked the article at 60% above the total price of the article for the him and then sold the article offering 2 consecutive discounts of 10% and 25%. If he made a profit of Rs. 248, find the value of X.<br><br>A. Rs.2550<br>B. Rs.2450<br>C. Rs.2350<br>D. Rs. 2250	Rs.2450	Total CP = X + 650. MP = 1.6(X+650).<br>SP = 1.6 * 0.9 * 0.75 (X+650) = 1.08 (X+650).<br>Profit = 0.08(X+650) = 248 => X+650 = 3100 => X=2450.	0.08 CP = 248 => CP = 3100 => X = 2450.	40	Source::AbhasSaini
By selling an article for 8452.25 a man allow a discount of 9% and earn a profit of 36.5%. if the article is sold at 0% discount what should be the profit %?<br><br>50%<br>40%<br>45%<br>42%	50%	0.91 MP = 1.365 CP => MP/CP = 1.365 / 0.91 = 1.5.<br>If 0% discount, SP = MP. Profit = 50%.	MP/CP = 1.365/0.91 = 1.5. Profit 50%.	40	Source::AbhasSaini
By selling an article for 1256.75 a man allow a discount of 9% and earn a profit of 36.5%. if the article is sold at 10% discount what should be the profit %?<br><br>30%<br>35%<br>32.5%<br>40%	35%	0.91 MP = 1.365 CP => MP/CP = 1.5.<br>If 10% discount, SP = 0.9 * 1.5 CP = 1.35 CP. Profit 35%.	SP = 0.9 * 1.5 = 1.35. Profit 35%.	40	Source::AbhasSaini
A shopkeeper gives 3 consecutive discount of 10% ,12%,13% after which he sells his goods at a percentage profit of 10%. find the value of profit percentage that the shopkeeper would have earned if he had given discount of 10% and 13% only?<br><br>20<br>24<br>24.44<br>25	25	SP = 0.9 * 0.88 * 0.87 MP = 1.1 CP.<br>If disc 10, 13 => SP_new = 0.9 * 0.87 MP = 1.1 CP / 0.88 = 1.25 CP.<br>Profit = 25%.	SP_new = 1.1 / 0.88 = 1.25. 25% profit.	40	Source::AbhasSaini
A shopkeeper earns a profit of 40% on the cost price of an article after giving three consecutive discount of 5% 10% and 15% to a customer. what would have been the profit percentage had the shopkeeper given discount of 5% and 10% only?<br><br>59.71%<br>66.71%<br>64.71%<br>74.71%	64.71%	SP = 0.95 * 0.90 * 0.85 MP = 1.4 CP.<br>If disc 5, 10 => SP_new = 0.95 * 0.90 MP = 1.4 / 0.85 CP = 1.6471 CP.<br>Profit = 64.71%.	New SP = 1.4 / 0.85 = 1.647. Profit 64.71%.	40	Source::AbhasSaini
Abhas markup his goods in such a manner that it gives him 37.5% profit, even after offering a discount of 20%. If the customer was able to negotiate a discount of 50% with him. What was the profit/Loss% of abhas?<br><br>25<br>20<br>30<br>Not	Not	MP * 0.8 = 1.375 CP => MP = 1.71875 CP.<br>SP = MP * 0.5 = 0.859375 CP. Loss = 14.0625%.<br>None of the options match.	Loss is 14.06%. Ans: Not.	40	Source::AbhasSaini
Abhas markup his goods in such a manner that it gives him 33% profit, even after offering a discount of 16%. If the customer was able to negotiate a discount of 28% with him. What was the profit of abhas?<br><br>11<br>12<br>13<br>14	14	MP * 0.84 = 1.33 CP => MP = 19/12 CP.<br>SP = 0.72 MP = 0.72 * 19/12 = 1.14 CP. Profit = 14%.	New SP = (1.33/0.84) * 0.72 = 1.14. 14%.	40	Source::AbhasSaini
A merchant makes a profit of 20% by selling an article. What would be the percentage change in the profit percent had he paid 10% less for and the customer paid 10% more for it?<br><br>33.33%<br>133.33%<br>140%<br>145%	133.33%	CP_new = 0.9 CP. SP_new = 1.32 CP.<br>New Profit% = 0.42 / 0.90 = 46.66%.<br>Change = (46.66 - 20)/20 = 133.33%.	(46.66 - 20) / 20 = 133.33% change.	40	Source::AbhasSaini
A shopkeeper purchases branded wheat from a wholesaler at a discount of 12.5% over the MRP listed. In his storage rats eat away 10% of the wheat. He mixes impurities to the extent of 10% of the wheat present. Further while selling he sells at a discount of 6.66% on the MRP. And his balance reads 1000 for 1100 gms. Find his profit/loss percentage.<br><br>4% loss<br>5% loss<br>4% profit<br>5 % profit	4% loss	Buys at 0.875 MRP. Mixes impurities => total sellable 0.99 Q.<br>Sells 0.99 as 0.90 (due to false weight).<br>SP = 0.90 * 14/15 MRP = 0.84 MRP. Loss = 3.5 on 87.5 = 4%.	SP = 0.90 * 14/15 = 0.84 MRP. CP = 0.875. Loss = 4%.	40	Source::AbhasSaini
A person marks his 40 item at 20% of the cost price. he sells 10 item at a 10 % discount and 20 items at a 15% discounts on the mark price what is the maximum discount he can offer on the remaining item if he still gets some profit ?<br><br>20%<br>26.66%<br>25%<br>28%	26.66%	40 items. MP = 1.2 CP. Cost = 40 CP.<br>SP1 = 10 * 1.08 = 10.8 CP. SP2 = 20 * 1.02 = 20.4 CP.<br>Target SP3 = 40 - 31.2 = 8.8 CP for 10 items => 0.88 CP each.<br>Discount = (1.2 - 0.88)/1.2 = 26.66%.	Req SP = 0.88 CP. MP = 1.2. Disc = 32/120 = 26.66%.	40	Source::AbhasSaini
A person marks up 60 items at 30% of the cost price. He sells 20 items at a discount of 5% and 25 items at a discount of 20% on marked price. What is the maximum discount (rounded off) he can offer on the remaining items if he still gets some profit?<br><br>54%<br>48%<br>50%<br>52%	52%	Cost = 60 CP. SP1 = 20 * 1.3 * 0.95 = 24.7 CP.<br>SP2 = 25 * 1.3 * 0.8 = 26 CP. Total = 50.7 CP.<br>Target SP3 = 9.3 CP for 15 items => 0.62 CP each.<br>Discount = (1.3 - 0.62)/1.3 = 52.3% ≈ 52%.	Req SP = 0.62 CP. MP = 1.3. Disc = 68/130 = 52.3%.	40	Source::AbhasSaini
Deepak purchased a certain number of tables, with an expectation that if he sells all of the tables at the marked price, he will get a profit of 35%. But during transportation, 12% of the ables are completely damaged nd gave him no returns, 15% are slightly damaged so he sells them at a discount of 20%. The remaining are sold at the marked price. What is his overall profit percentage?	14.75%	MP = 1.35 CP. Revenue = 15% * 1.08 + 73% * 1.35.<br>Rev = 0.162 + 0.9855 = 1.1475 CP. Profit 14.75%.	Rev = 0.15*1.08 + 0.73*1.35 = 1.1475. Profit 14.75%.	40	Source::AbhasSaini
A man bought 2 articles for Rs. 3,000 each. He sold one article at 5% profit and the other at 10% loss. What is the total profit or loss percentage?<br><br>(a) Loss 2.5%<br>(b) Loss 10%<br>(c) No profit no loss<br>(d) Profit 2.5%	Loss 2.5%	CP1 = CP2 = 3000. Profit1 = 150, Loss2 = 300.<br>Net loss = 150 on 6000 = 2.5%.	Net = (-10+5)/2 = -2.5%.	40	Source::AbhasSaini
Prakash brought two articles at the same price. If he sold one at a profit of 20% and the other at a profit of 25%. What is the overall percentage profit he made?<br><br>(a) 16.5%<br>(b) 22.5%<br>(c) 24.5%<br>(d) 37.5%	22.5%	CP1 = CP2. Profits: 20% and 25%.<br>Overall = (20+25)/2 = 22.5%.	Avg of 20 and 25 = 22.5%.	40	Source::AbhasSaini
Reshma buys two articles A and B for ₹ 1,734. She sells A at a loss of 16% and sells B at a gain of 20%. The selling price of both the articles is the same. If A is sold for ₹ 1,147.50, then the gain per cent on A is:<br><br>10%<br>12.5%<br>15%<br>20%	12.5%	0.84 A = 1.2 B => A = 1020, B = 714.<br>If SP = 1147.50, Profit = 1147.50 - 1020 = 127.50.<br>Profit% = 127.50 / 1020 = 12.5%.	A = 1020. SP = 1147.5 => Profit 12.5%.	40	Source::AbhasSaini
Two articles are sold for Rs. 10,384 each. On one, the seller gains 18% and on the other, he loses 12%. What is his overall gain or loss ?<br><br>(a)Rs.178 loss<br>(b)Rs.168 loss<br>(c)Rs.178 gain<br>(d)Rs.168 gain	Rs.168 gain	CP1 = 10384/1.18 = 8800. CP2 = 10384/0.88 = 11800.<br>Total CP = 20600. Total SP = 20768.<br>Gain = 168.	CP = 8800 + 11800 = 20600. SP = 20768. Gain = 168.	40	Source::AbhasSaini
A man buys two watches ‘A’ and ‘B’ at a total cost of 800.₹ He sells both watches at the same selling price, and earns a profit of 18% on watch ‘A’ and incurs a loss of 22% on watch ‘B’. What are the cost prices of the two watches? (two places after decimal).<br><br>(1) A = Rs. 350.32 and B = Rs.450.68<br>(2) A= Rs.318.37 and B = Rs.481.63<br>(3) A= Rs. 220 and B= Rs. Rs.580<br>(4) A= Rs.317 and B= Rs. 483	A= Rs.318.37 and B = Rs.481.63	1.18 A = 0.78 B => A:B = 78:118 = 39:59.<br>A = 800 * 39/98 = 318.37. B = 800 * 59/98 = 481.63.	A:B = 78:118. Total 800 => A=318.37, B=481.63.	40	Source::AbhasSaini
Abhi bought two articles for Rs.624. He sold one at a loss of 14% and the other at a profit of 14%. If the selling price of both the articles is equal, then the difference between their cost prices (in Rs) is:<br><br>A. 89.64<br>B. 87.36<br>C. 89.68<br>D. 88.84	87.36	0.86 A = 1.14 B => A:B = 114:86 = 57:43.<br>Diff = (14/100) * 624 = 87.36.	Diff = 14% of 624 = 87.36.	40	Source::AbhasSaini
Two items are sold for Rs 9720 Each, first item was sold at 8% gain and second item was sold at 10% loss. What was the overall profit or loss in whole transaction?<br><br>380 gain<br>360 loss<br>380 loss<br>360 gain	360 loss	CP1 = 9720/1.08 = 9000. CP2 = 9720/0.9 = 10800.<br>Total CP = 19800. SP = 19440. Loss = 360.	Total CP = 19800. Loss = 360.	40	Source::AbhasSaini
If there are three articles selling at 1234.56 each, first item sold at 20% profit, 2nd sold at 10% loss and third sold at 40% profit. Find the overall profit or loss percentage?<br><br>12.8%<br>12%<br>13.5%<br>14%	12.8%	Total SP = 3703.68. CP = SP(1/1.2 + 1/0.9 + 1/1.4).<br>CP = 1234.56 * 335/126 = 3282.85.<br>Profit% = 43/335 = 12.83%.	Profit = 43/335 = 12.83%.	40	Source::AbhasSaini
Rahul sold three articles at equal selling price. He incurs a loss of 10% on the first article, 20% profit on second and 25% loss on the third article. If he incurs a loss of 400 in overall business, then what is the cost price of second article?<br><br>1000<br>1111<br>1200<br>1250	1200	Let SP = 36x. CP1 = 40x, CP2 = 30x, CP3 = 48x.<br>Total CP = 118x. Loss = 10x = 400 => x = 40.<br>CP2 = 30*40 = 1200.	10x = 400 => x = 40. CP2 = 30x = 1200.	40	Source::AbhasSaini
Two items are sold for Rs 1861, the first item is sold at 31% profit and the second item is sold at 29% loss. What was the overall profit or loss percentage in the entire transaction?<br><br>Gain 8.25%<br>Loss 8.25%<br>Loss 7.91%<br>Gain 7.91%	Loss 7.91%	Total SP = 3722. CP1 = 1420.6, CP2 = 2621.1.<br>Total CP = 4041.7. Loss = 319.7.<br>Loss% = 319.7 / 4041.7 = 7.91%.	Total CP = 4041.7, Loss 319.7 => 7.91% loss.	40	Source::AbhasSaini
Two horses sold at 1243.56 each First was sold at 25% profit and second at 20% loss. Find the overall profit and loss percentage?<br><br>No profit no loss<br>2.43 % loss<br>2.43% Profit<br>2% loss	2.43 % loss	CP1 = SP/1.25 = 0.8 SP. CP2 = SP/0.8 = 1.25 SP.<br>Total CP = 2.05 SP. SP = 2 SP.<br>Loss = 0.05 / 2.05 = 2.439%.	Loss = 0.05 / 2.05 = 2.439%.	40	Source::AbhasSaini
Two articles are sold for Rs.9,483 each. On one, the seller gains 9% and on the other, he loses 13%.What is his overall gain or loss % (approx)?<br><br>4.56% PROFIT<br>4.56% LOSS<br>3.23% PROFIT<br>3.23% LOSSS	3.23% LOSSS	Total CP = 9483*(1/1.09 + 1/0.87) = 19600.<br>Total SP = 18966. Loss = 634.<br>Loss% = 634/19600 = 3.234%.	Loss = 634/19600 = 3.23%.	40	Source::AbhasSaini
Two articles are sold for Rs.21762 each. On one, the seller gains 17% and on the other, he loses 7%.What is his overall gain or loss % (approx)?<br><br>7.56% PROFIT<br>7.56% LOSS<br>3.62% PROFIT<br>3.62% LOSSS	3.62% PROFIT	Total CP = 21762*(1/1.17 + 1/0.93) = 42000.<br>Total SP = 43524. Profit = 1524.<br>Profit% = 1524/42000 = 3.628%.	Profit = 1524/42000 = 3.62%.	40	Source::AbhasSaini
A man sold two articles for Rs. 3456 each, gaining 20% on the one and losing 20% on the other. Find his gain (or) loss percent on the whole transaction.<br><br>2%<br>1.5%<br>4%<br>5%	4%	Same SP, +20%, -20%.<br>Loss = x^2 / 100 = 400/100 = 4%.	Loss = 20^2 / 100 = 4%.	40	Source::AbhasSaini
A man sold two articles for Rs. 3456 each, gaining 14.29% on the one and losing 14.29% on the other. Find his gain (or) loss percent on the whole transaction.<br><br>2.04%<br>2%<br>4%<br>2.5%	2.04%	Same SP, +14.29% (1/7), -14.29%.<br>Loss = (1/7)^2 = 1/49 = 2.04%.	Loss = (1/7)^2 = 2.04%.	40	Source::AbhasSaini
A house and a shop were sold for Rs.2 lacs each,in this transaction ,the house sale resulted into 10% loss whereas the shop sale into 10% profit. The entire transaction resulted in?<br><br>a)no loss no gain<br>b)loss of 5/66 lacs<br>c) loss of 4/99 lacs<br>d) loss of 5/88 lacs	loss of 4/99 lacs	Same SP 2 lacs. Loss = 1%. Total SP = 4 lacs.<br>SP = 99% CP => CP = 400/99.<br>Loss = CP - SP = 4/99 lacs.	Loss = 400/99 - 396/99 = 4/99 lacs.	40	Source::AbhasSaini
A house and a shop were sold for Rs.1 lacs each,in this transaction ,the house sale resulted into 20% loss whereas the shop sale into 20% profit. The entire transaction resulted in?<br><br>a)no loss no gain<br>b)loss of 1/24 lacs<br>c) loss of 1/12 lacs<br>d) loss of 1/18 lacs	loss of 1/12 lacs	Same SP 1 lac. Loss = 4%. Total SP = 2 lacs.<br>SP = 96% CP => CP = 200/96 = 25/12.<br>Loss = 25/12 - 24/12 = 1/12 lacs.	Loss = 25/12 - 2 = 1/12 lacs.	40	Source::AbhasSaini
Last year Mr. A bought two paintings. This sold them for Rs.20,000 each. on one, he made a 25% profit and on the other he had a 25%loss.then his net profit/loss?<br><br>a)he lost more than Rs.2700<br>b) he lost less than Rs.2700<br>c) he earned more than Rs.2900<br>d) he earned more than Rs.2500	he lost less than Rs.2700	Loss = 6.25%. SP = 40000 = 15/16 CP.<br>CP = 42666.66. Loss = 2666.66.<br>Loss is less than 2700.	Loss = 2666.66 < 2700.	40	Source::AbhasSaini
A man bought 154 toffees for Re1. How many toffees for a rupee should he sell to gain 28(1/3)% profit?<br><br>a) 60<br>b) 100<br>c) 120<br>d) 125	120	CP of 1 = 1/154. SP of 1 = (1/154) * (1 + 17/60) = 77 / (154*60) = 1/120.<br>Sell 120 for Re 1.	SP = (1/154) * 77/60 = 1/120.	40	Source::AbhasSaini
Pandey Ji bought 7 apples for Rs.3. At what price should he sell 100 apples to get a profit of 33%?<br><br>52<br>57<br>53<br>55	57	CP of 1 = 3/7. SP of 1 = 3/7 * 1.33.<br>SP of 100 = 300/7 * 1.33 = 399/7 = 57.	100 * 3/7 * 1.33 = 57.	40	Source::AbhasSaini
After selling 4 panipuri for Re.1, Ram chaatwala incurred a loss of 4%. If he had sold 3 panipuri for Re.1, what his profit would have been?<br><br>22<br>25<br>27<br>28	28	SP = 1/4, Loss = 4% => CP = (1/4)/0.96 = 1/3.84.<br>New SP = 1/3. Profit = 1/3 - 1/3.84.<br>Profit% = 3.84/3 - 1 = 0.28 = 28%.	New SP/CP = (1/3) / (1/3.84) = 1.28 => 28% profit.	40	Source::AbhasSaini
A person bought 50 books after paying Rs12.5. How many books did he sell for Rs22.5 if he incurs a loss of 28.56% ?<br><br>a) 126<br>b) 135<br>c) 98<br>d) 112	126	CP per book = 12.5/50 = 1/4. SP per book = 1/4 * 5/7 = 5/28.<br>Books for 22.5 = 22.5 / (5/28) = 126.	Qty = 22.5 / (5/28) = 126.	40	Source::AbhasSaini
A person sold 25 articles for 2,500 and incurred a loss of 10%. How many articles should he sell for 2,400 to make a profit of 20%?<br><br>1. 15<br>2. 16<br>3. 18<br>4. 20	18	SP = 100. CP = 100/0.9 = 1000/9. Target SP = 1200/9 = 400/3.<br>Articles for 2400 = 2400 / (400/3) = 18.	Qty = 2400 / (400/3) = 18.	40	Source::AbhasSaini
Shiva sold his laptop for Rs.25,520 at a loss of 12%. At what price should he have sold it to gain a profit of 10%?<br><br>a) Rs. 30,450<br>b) Rs. 28,420<br>c) Rs. 31,900<br>d) Rs. 29,000	Rs. 31,900	CP = 25520 / 0.88 = 29000.<br>Target SP = 29000 * 1.1 = 31900.	25520/0.88 * 1.1 = 31900.	40	Source::AbhasSaini
A person incurs 10% loss by selling a mobile phone for Rs.11,250. At what to price (in Rs.) should the mobile phone be sold to earn a 6% profit?<br><br>a) 13,250<br>b) 13,500<br>c) 13,300<br>d) 13,350	13,250	CP = 11250 / 0.9 = 12500.<br>Target SP = 12500 * 1.06 = 13250.	11250/0.9 * 1.06 = 13250.	40	Source::AbhasSaini
By selling an article for 255, there is a loss of 15%. When the article is sold for 357, the net result in the transaction is:<br><br>(a) 19% profit<br>(b) 17% loss<br>(c) 19% loss<br>(d) 17% profit	19% profit	CP = 255 / 0.85 = 300.<br>New SP = 357. Profit = 57. Profit% = 57/300 = 19%.	SP/CP = 357/300 = 1.19 => 19% profit.	40	Source::AbhasSaini
A pen was sold for 28.75 at a profit of 15%. If it was sold for 25.75, then what would have been the percentage of profit?<br><br>(a) 2%<br>(b) 3%<br>(c) 4%<br>(d) 1%	3%	CP = 28.75 / 1.15 = 25. New SP = 25.75. Profit = 0.75. Profit% = (0.75 / 25) * 100 = 3%.	CP = 25. Profit = 0.75. Profit% = 3%.	40	Source::AbhasSaini
By selling an article for 425.25, there is a loss of 5.5%. If the same article is sold for 465.75, then what is the profit per cent?<br><br>(a) 3.5%<br>(b) 3%<br>(c) 4%<br>(d) 5.5%	3.5%	SP = 425.25. Loss = 5.5%, so CP = 425.25 / 0.945 = 450. New SP = 465.75. Profit = 15.75. Profit% = (15.75 / 450) * 100 = 3.5%.	CP = 450. Profit = 15.75. Profit% = 3.5%.	40	Source::AbhasSaini
By selling an article for ₹4,536, a shopkeeper loses 16%. To gain 11%, he should sell it for (in) :<br><br>(a) 5,499<br>(b) 4,995<br>(c) 5,949<br>(d) 5,994	5,994	SP = 4536, Loss = 16% -> CP = 4536 / 0.84 = 5400. To gain 11%, New SP = 5400 * 1.11 = 5994.	CP = 5400. New SP = 5994.	40	Source::AbhasSaini
If the selling price of an article is doubled, then the profit becomes four times. What was the original profit percentage?<br><br>a) 75%<br>b) 100%<br>c) 50%<br>d) 25%	50%	Let CP = C, SP = S. New SP = 2S. 2S - C = 4 * (S - C) => 2S - C = 4S - 4C => 3C = 2S => S/C = 3/2 = 1.5. Profit = 50%.	2SP - CP = 4(SP - CP) => SP/CP = 1.5. Profit = 50%.	40	Source::AbhasSaini
If the selling price is increased to 7/3 of itself, the profit becomes 4 times, find the profit percentage.<br><br>A. 100%<br>B. 80%<br>C. 75%<br>D. 72%	80%	Let CP = C, SP = S. 7/3 S - C = 4(S - C) => 7/3 S - C = 4S - 4C => 3C = 5/3 S => S/C = 9/5 = 1.8. Profit = 80%.	7/3 SP - CP = 4(SP - CP) => SP/CP = 1.8. Profit = 80%.	40	Source::AbhasSaini
If the selling price is doubled, the profit triples. what is the profit percentage?<br><br>100 % PROFIT<br>150 % PROFIT<br>200 % PROFIT<br>250 % PROFIT	100 % PROFIT	2S - C = 3(S - C) => 2S - C = 3S - 3C => 2C = S => S/C = 2. Profit = 100%.	2SP - CP = 3(SP - CP) => SP/CP = 2. Profit = 100%.	40	Source::AbhasSaini
The selling price is tripled and the cost price doubled, the profit would become 65%. What is the present profit (in %)?<br><br>10<br>11<br>20<br>12.5	10	New SP = 3S. New CP = 2C. New profit % = (3S - 2C) / 2C = 0.65 => 3S / 2C = 1.65 => S/C = 1.10. Profit = 10%.	3SP / 2CP = 1.65 => SP/CP = 1.1. Profit = 10%.	40	Source::AbhasSaini
If the selling price is made 2.25 times and the cost price is made 1.5 times of itself, the profit would become 60%. What is the profit percent?<br><br>A. 6.65%<br>B. 6%<br>C. 6.67%<br>D. 7.67%	6.67%	New SP = 2.25 S, New CP = 1.5 C. (2.25 S - 1.5 C) / 1.5 C = 0.6 => 2.25 S / 1.5 C = 1.6 => S/C = 1.6 / 1.5 = 16/15. Profit = 1/15 = 6.67%.	2.25SP / 1.5CP = 1.6 => SP/CP = 16/15. Profit = 6.67%.	40	Source::AbhasSaini
If the cost price of an article is doubled and the selling price for the article is tripled, then what is the profit percent given that selling price is twice cost price?<br><br>100<br>200<br>300<br>400	200	Original SP = 2 * C. New CP = 2C. New SP = 3S = 3(2C) = 6C. New Profit % = (6C - 2C) / 2C = 4C / 2C = 200%.	S = 2C. New SP = 6C, New CP = 2C. Profit% = 4/2 = 200%.	40	Source::AbhasSaini
If the cost price of an article is made 2.5 times and the selling price for the article is made 4.5 times. Find the profit percent, given that the selling price is 1.5 times of the cost price.<br><br>A. 170%<br>B. 169%<br>C. 270%<br>D. 168%	170%	Original S = 1.5 C. New CP = 2.5 C. New SP = 4.5 S = 4.5 * (1.5 C) = 6.75 C. New Profit % = (6.75 C - 2.5 C) / 2.5 C = 4.25 / 2.5 = 170%.	S = 1.5C. New SP = 6.75C, New CP = 2.5C. Profit% = 4.25/2.5 = 170%.	40	Source::AbhasSaini
If an article is sold at 15/16th of the selling price, then there would be a loss 6.25%. Find the relationship between Sp and Cp ?<br><br>1) SP= CP<br>2) SP<CP<br>3) SP>CP<br>4) CND	SP= CP	Loss of 6.25% (1/16) -> New SP = 15/16 CP. Given New SP = 15/16 SP. So 15/16 SP = 15/16 CP => SP = CP.	15/16 SP = 15/16 CP => SP = CP.	40	Source::AbhasSaini
if the article is sold at 9/11th of S.p there would be 18.1818% loss. Find the profit percentage if it sold is 7/6th of S.P ?<br><br>No profit no loss<br>18.18% profit<br>16.66% profit<br>22.22% profit	16.66% profit	Loss of 18.18% (2/11) -> New SP = 9/11 CP. Given New SP = 9/11 SP. So 9/11 SP = 9/11 CP => SP = CP. Sold at 7/6 SP => 7/6 CP. Profit = 1/6 = 16.66%.	SP = CP. New SP = 7/6 CP. Profit = 16.66%.	40	Source::AbhasSaini
If the article is sold at 13/8th of S.p there would be Profit 62.5%. Find the profit percentage if it sold is 14/13th of S.P?<br><br>No profit no loss<br>7.69% profit<br>7.69% loss<br>11.11%	7.69% profit	Profit 62.5% = 5/8. New SP = 13/8 CP. Given New SP = 13/8 SP. So SP = CP. Sold at 14/13 SP => 14/13 CP. Profit = 1/13 = 7.69%.	SP = CP. New SP = 14/13 CP. Profit = 7.69%.	40	Source::AbhasSaini
Find the actual profit or loss percentage if article is sell at a loss of 4.55% on S.P?<br><br>4.55%<br>5%<br>4.35%<br>4%	4.35%	Loss = 4.55% (1/22) of SP. CP - SP = 1/22 SP => CP = 23/22 SP => SP/CP = 22/23. Loss = 1/23 on CP = 4.35%.	CP = 23/22 SP. Loss = 1/23 = 4.35%.	40	Source::AbhasSaini
If a man gains 8.33% on th selling price find the cost price if Selling price is 1728?<br><br>1331<br>1584<br>1721<br>1024	1584	Gain = 8.33% on SP = 1/12 SP. SP = 1728. Profit = 1728 / 12 = 144. CP = SP - Profit = 1728 - 144 = 1584.	Profit = 1/12 SP. CP = 11/12 SP = 1584.	40	Source::AbhasSaini
A man purchased a cell phone for ₹24,500 and sold it at a gain of 12.5% calculated on the selling price. The selling price of the cell phone was:<br><br>(a) 25,000<br>(b) 28,000<br>(c) 27,500<br>(d) 25,500	28,000	CP = 24500. Profit = 12.5% on SP = 1/8 SP. CP = SP - 1/8 SP = 7/8 SP. 24500 = 7/8 SP => SP = 28000.	CP = 7/8 SP => SP = 28000.	40	Source::AbhasSaini
An article is sold at a certain price. If it is sold at 80% of this price, then there will be a loss of 10%. What is the profit or loss percentage when article is sold at original S.P?<br><br>10%<br>12.5%<br>15%<br>8%	12.5%	New SP = 0.8 SP. Loss = 10% => New SP = 0.9 CP. 0.8 SP = 0.9 CP => SP = 9/8 CP = 1.125 CP. Profit = 12.5%.	0.8 SP = 0.9 CP => SP/CP = 9/8. Profit = 12.5%.	40	Source::AbhasSaini
A man sells an article at a certain price. If he sells it at 35% of this selling price, then he has a loss of 22%. If he sells it at its original selling price, then his profit percentage is:<br><br>(a) 20%<br>(b) 15%<br>(c) 13%<br>(d) 25%	20%	Note: '35%' is likely a typo for '65%'. If New SP = 0.65 SP. Loss = 22% => New SP = 0.78 CP. 0.65 SP = 0.78 CP => SP = 78/65 CP = 1.2 CP. Profit = 20%.	Assuming 65% of SP: 0.65 SP = 0.78 CP => SP/CP = 1.2. Profit = 20%.	40	Source::AbhasSaini
An article is sold at certain price. If it is sold at 33.33% of this price there is a loss of 33.33%.What is the profit percentage when it is sold at 60% of the original S.P?<br><br>10%<br>12.5%<br>20%<br>25%	20%	New SP1 = 1/3 SP. Loss 33.33% = 1/3 CP => SP1 = 2/3 CP. 1/3 SP = 2/3 CP => SP = 2 CP. New SP2 = 60% of SP = 0.6 * 2 CP = 1.2 CP. Profit = 20%.	SP = 2 CP. 60% SP = 1.2 CP. Profit = 20%.	40	Source::AbhasSaini
By selling an article at 9/11 of its actual selling price, a trader incurs a loss of 10%. What will be the profit percentage, if the article is sold for 8% less than its actual selling price?<br><br>(a) 4/3<br>(b)3/2<br>(c)6/5<br>(d) 5/4	6/5	SP1 = 9/11 SP_act. Loss 10% -> SP1 = 0.9 CP. 9/11 SP_act = 0.9 CP => SP_act = 1.1 CP. SP2 = 0.92 SP_act = 0.92 * 1.1 CP = 1.012 CP. Profit = 1.2% = 1.2. 1.2 = 6/5.	SP_act = 1.1 CP. SP2 = 1.012 CP. Profit = 1.2% = 6/5.	40	Source::AbhasSaini
An umbrella is sold at a certain price. If it is sold at 73% of this price, there would be a loss of 28%. What is the profit or loss percent when the umbrella is sold at the original price?<br><br>A. 136% loss<br>B. 1.36% loss<br>C. 13.6% profit<br>D. 0.136% loss	1.36% loss	0.73 SP = 0.72 CP => SP/CP = 72/73 = 0.9863... Loss is 1/73 = 1.3698%.	0.73 SP = 0.72 CP => SP/CP = 72/73. Loss = 1.36%.	40	Source::AbhasSaini
A TV is sold at a certain price. If it is sold at 86% of this price, there would be a loss of 16%. What is the profit or loss percent when the TV is sold at 7/6th of the original selling price?<br><br>A. 12.82% profit<br>B. 13.95% profit<br>C. 13.95% loss<br>D. 12.22% loss	13.95% profit	0.86 SP = 0.84 CP => SP = 84/86 CP. New SP = 7/6 SP = 7/6 * (84/86) CP = 49/43 CP. Profit = 6/43 = 13.95%.	0.86 SP = 0.84 CP. New SP = 49/43 CP. Profit = 13.95%.	40	Source::AbhasSaini
A water bottle is sold at a certain price. If it is sold at 42.5% of this price, there would be a loss of 42.5%. What is the profit percent when it is sold at 85% of the original selling price?<br><br>A. 14.22%<br>B. 15.78%<br>C. 16.52%<br>D. 15%	15%	0.425 SP = 0.575 CP => SP = 575/425 CP. New SP = 0.85 SP = 0.85 * (575/425) CP = 1.15 CP. Profit = 15%.	0.425 SP = 0.575 CP. New SP = 1.15 CP. Profit = 15%.	40	Source::AbhasSaini
By selling an article at 19/24 of its actual selling price, a man loses 5%. If he sells it at 90% of the actual selling price, then what will his gain percentage be?<br><br>a) 10%<br>b) 10.5%<br>c) 7.5%<br>d) 8%	8%	19/24 SP_act = 0.95 CP => SP_act = 1.2 CP. New SP = 0.9 SP_act = 0.9 * 1.2 CP = 1.08 CP. Gain = 8%.	SP_act = 1.2 CP. New SP = 1.08 CP. Profit = 8%.	40	Source::AbhasSaini
C.p of 12 articles is equal to s.p of 9 articles while discount on 8 articles is equal to profit of 8 articles? Find discount percentage?<br><br>5%<br>10%<br>20%<br>25%	20%	12 CP = 9 SP => SP/CP = 4/3. Profit = 1. 8 D = 8 P => D = P = 1. MP = SP + D = 5. Discount % = 1/5 = 20%.	P = 1 on SP=4. D = 1. MP=5. D% = 20%.	40	Source::AbhasSaini
The cost price of 38 articles is equal to the selling price of 26 articles, while the discount on 4 articles is equal to the profit on 7 articles. Find the profit percent and discount percent.<br><br>A. 47.15%, 34.59%<br>B. 46.15%, 35.59%<br>C. 45.15%, 33.59%<br>D. 46.15%, 34.59%	46.15%, 35.59%	38 CP = 26 SP => SP/CP = 19/13. Profit% = 6/13 = 46.15%. 4 D = 7 P => D = 7/4 * 6 = 10.5. MP = 19 + 10.5 = 29.5. Discount % = 10.5 / 29.5 = 35.59%.	P% = 6/13 = 46.15%. D = 10.5, MP = 29.5. D% = 35.59%.	40	Source::AbhasSaini
Cost price of an article is 500. Article sold in such a way that profit% is 7/8 times of the discount%. If the mark price of an article is 875. Find the profit(in Rs) after selling the article..<br><br>100<br>125<br>150<br>175	125	P% = 7k, D% = 8k. P = 500 * 7k/100 = 35k. D = 875 * 8k/100 = 70k. CP + P = MP - D => 500 + 35k = 875 - 70k => k = 25/7. Profit = 35k = 125.	35k + 70k = 375 => k = 25/7. P = 125.	40	Source::AbhasSaini
Cost price of an article is 428. Article sold in such a way that profit% equals to discount%. If the mark price of an article is 1284. Find the profit(in Rs) after selling the article..<br><br>196<br>200<br>214<br>225	214	P% = D% = x. P = 4.28x. D = 12.84x. 428 + 4.28x = 1284 - 12.84x => 17.12x = 856 => x = 50. Profit = 428 * 0.50 = 214.	4.28x + 12.84x = 856 => x = 50. P = 214.	40	Source::AbhasSaini
The ratio of the marked price and the cost price of a bike is 8:5. If the profit percent and discount percent both are same, find the profit percent.<br><br>A. 23.07%<br>B. 25%<br>C. 22%<br>D. 27.27%	23.07%	MP/CP = 8/5. Let CP = 5, MP = 8. P% = D% = x. 5 + 5x/100 = 8 - 8x/100 => 13x/100 = 3 => x = 300/13 = 23.07%.	5 + 0.05x = 8 - 0.08x => x = 23.07%.	40	Source::AbhasSaini
If Ratio CP to MP of an article is 3:4 and ratio of profit% and discount% is 4:3. Find the discount and profit percentage?<br><br>16.66% ,12.5%<br>10% ,12.5%<br>15% ,12.5%<br>16.66% ,10%	16.66% ,12.5%	CP = 3, MP = 4. P% = 4k, D% = 3k. P = 12k/100, D = 12k/100. 3 + 12k/100 = 4 - 12k/100 => k = 25/6. P% = 16.66%, D% = 12.5%.	3 + 0.12k = 4 - 0.12k => k = 25/6. P% = 16.66%.	40	Source::AbhasSaini
If Ratio CP to MP of an article is 3:4 and ratio of profit% and discount% is 5:6. Find the discount and profit percentage?	15.38%, 12.82%	CP = 3, MP = 4. P% = 5k, D% = 6k. P = 15k/100, D = 24k/100. 3 + 0.15k = 4 - 0.24k => k = 100/39. D% = 600/39 = 15.38%, P% = 500/39 = 12.82%.	0.39k = 1 => k = 100/39. D% = 15.38%, P% = 12.82%.	40	Source::AbhasSaini
A dealer gains 20% by selling an article at 25% discount on its marked price. If the cost price of the article is decreased by 15%, how much discount percentage should he now give on the same marked price so as to earn the same percentage of profit as before?<br><br>(a) 32.50%<br>(b) 35%<br>(c)36.25%<br>(d) 37.75%	36.25%	MP * 0.75 = CP * 1.2 => MP = 1.6 CP. New CP = 0.85 CP. Target SP = 1.2 * 0.85 CP = 1.02 CP. Discount = (1.6 - 1.02) / 1.6 = 36.25%.	MP = 1.6 CP. Target SP = 1.02 CP. D% = 0.58/1.6 = 36.25%.	40	Source::AbhasSaini
A trader gains 25% by selling an article with Y 20% discount on its marked price. If the cost price of the article increases by 30%, then how much discount (in % ) should he offer on the same marked price to gain 15% of profit?<br><br>(a) 5.08%<br>(b) 5.12%<br>(c) 4.32%	4.32%	MP * 0.8 = CP * 1.25 => MP = 1.5625 CP. New CP = 1.3 CP. Target SP = 1.15 * 1.3 CP = 1.495 CP. Discount = (1.5625 - 1.495) / 1.5625 = 4.32%.	MP = 1.5625 CP. Target SP = 1.495 CP. D% = 4.32%.	40	Source::AbhasSaini
A Microwave oven is sold in Hyderabad for Rs.M. A retailer, Elahi from Hyderabad went to Madras and bought it for 25%less (when compared to the price in Hyderabad). He spends Rs. 1,000 on transport to bring it from Madras to Hyderabad. He sold it in Hyderabad for Rs.M making a profit of 10%. Find the value of M (in Rs.).<br><br>1. 6527.9<br>2. 6,305.8<br>3. 6,258.8<br>4. 62857	62857	CP = 0.75 M + 1000. SP = M. Profit = 10% => M = 1.1(0.75 M + 1000) => 0.175 M = 1100 => M = 6285.7.	M = 1.1(0.75M + 1000) => M = 6285.7.	40	Source::AbhasSaini
Mukesh sells two shirts. The cost price of first shirt is equal to selling price of second one. The first shirt is sold at 30% profit and second one is sold at 30% loss. Find the ratio of selling price of the first shirt to the cost price of the second.<br><br>A. 91:100<br>B. 100:91<br>C. 31:50<br>D. 50:31	91:100	CP1 = SP2. SP1 = 1.3 CP1. SP2 = 0.7 CP2 => CP1 = 0.7 CP2. SP1 = 1.3 * 0.7 CP2 = 0.91 CP2. Ratio = 91/100.	SP1 = 1.3 * 0.7 CP2 = 0.91 CP2. Ratio 91:100.	40	Source::AbhasSaini
After selling 10 candles a man earn a profit of sp of 3 pens. While selling 10 pens a man losses of sp of 4 candles. Numerically value of P% and L% is equal and the cp of candle is half the cp of pen. Find the ratio of Sp of candle to pen.<br><br>a. 2:3<br>b. 3:2<br>c. 2:5<br>d. 5:1	3:2	P% = 3 SP_p / 10 CP_c. L% = 4 SP_c / 10 CP_p. P% = L% => 3 SP_p / CP_c = 4 SP_c / CP_p. CP_p = 2 CP_c. 3 SP_p = 2 SP_c => SP_c / SP_p = 3/2.	3 SP_p / CP_c = 4 SP_c / 2 CP_c => SP_c : SP_p = 3 : 2.	40	Source::AbhasSaini
A stationery shop owner makes a profit of 25% by selling a set of books. He then increases the selling price by Rs. 5 and now makes a profit of 45%. The previous selling price of the book set was?<br><br>A. 32.15<br>B. 31.25<br>C. 34<br>D. 32.25	31.25	SP1 = 1.25 CP. SP2 = 1.45 CP. SP2 - SP1 = 0.20 CP = 5 => CP = 25. SP1 = 1.25 * 25 = 31.25.	0.20 CP = 5 => CP = 25. SP1 = 31.25.	40	Source::AbhasSaini
A book seller sells a book at a profit of 10% if he had bought is at 4% less and sold it for Rs 6 more he would have gain 18¾%. Find the cost price of book?<br><br>120<br>135<br>150<br>165	150	SP1 = 1.10 CP. New CP = 0.96 CP. New SP = 1.1875 * 0.96 CP = 1.14 CP. New SP - SP1 = 0.04 CP = 6 => CP = 150.	0.04 CP = 6 => CP = 150.	40	Source::AbhasSaini
A person purchased 40 items at some price. He sold some items at a profit of 20% which was equal to the cost price of 5 items. The remaining items are sold at 30% profit. Find the total profit percentage.<br><br>24.16%<br>25%<br>22.5%<br>23.75%	23.75%	Let N items sold at 20%. 0.20 N = 5 => N = 25. 15 items sold at 30%. Total profit% = (25*20 + 15*30) / 40 = 23.75%.	Profit% = (25*20 + 15*30)/40 = 23.75%.	40	Source::AbhasSaini
Ram purchase 60 items at some price. He sold some items at a profit of 20% by selling them at a profit equal to cost price of 7 items. The remaining items are sold at 30% profit. Find the total profit percentage.<br><br>24.16%<br>25%<br>22.5%<br>23.75%	24.16%	If 20% profit on N items = CP of 7 items. 0.20 N = 7 => N = 35. Remaining = 25 items. Profit % = (35 * 20% + 25 * 30%) / 60 = 1450 / 60 = 24.16%.	Avg Profit% = (35(20) + 25(30))/60 = 1450/60 = 24.16%.	40	Source::AbhasSaini
A man sold an LED TV at 8% profit and a fridge at 15% profit. If he sold the LED TV at 15% profit and the fridge at 8% profit, he gain Rs350 less. Find the CP of LED TV and fridge, if he purchase both at Rs30,000?<br><br>a) Rs12000 and Rs18000<br>b) Rs12500 and Rs17500<br>c)Rs11500 and Rs18500<br>d)Rs15000 and Rs15000	Rs12500 and Rs17500	P1 = 0.08 TV + 0.15 F. P2 = 0.15 TV + 0.08 F. P1 - P2 = 350 => -0.07 TV + 0.07 F = 350 => F - TV = 5000. TV + F = 30000. 2F = 35000 => F = 17500. TV = 12500.	Diff in profit = 0.07(F - TV) = 350 => F - TV = 5000. F+TV = 30000. TV=12500, F=17500.	40	Source::AbhasSaini
A shopkeeper bought two radios in Rs2375. If he sold 1st radio at 12% profit and 2nd at 24% profit, he earns a certain profit. If he sold 1st at 24% profit and 2nd at 12% profit, he get Rs9 more then the prices of both the radio is?<br><br>a) Rs1000 & Rs1375<br>b) Rs1225 & Rs1150<br>c) Rs1300 & Rs1075<br>d) Rs800 & Rs1575	Rs1225 & Rs1150	P2 - P1 = 0.12 R1 - 0.12 R2 = 9 => R1 - R2 = 75. R1 + R2 = 2375. 2 R1 = 2450 => R1 = 1225. R2 = 1150.	0.12(R1 - R2) = 9 => R1 - R2 = 75. R1 + R2 = 2375 => R1=1225.	40	Source::AbhasSaini
Two horses were bought at Rs 1600. First was sold at 10% profit and second at 20% profit. If first were sold at 20% profit and second at 10% profit he would get Rs 5 more. Find the difference between the cost price of both the horses.<br><br>(a) Rs.50<br>(b) Rs. 40<br>(c) Rs. 25<br>(d) Rs. 75	Rs.50	P2 - P1 = 5 => 0.1 H1 - 0.1 H2 = 5 => H1 - H2 = 50.	0.1(H1 - H2) = 5 => H1 - H2 = 50.	40	Source::AbhasSaini
A wrist watch and clock were bought at Rs 390. On selling wrist watch at 10% profit and clock at 15% profit a person gains Rs 51.5. Find the difference between cost price of both the watches.<br><br>(a) 110<br>(b) 115<br>(c) 120<br>(d) 130	110	0.10 W + 0.15 C = 51.5. W + C = 390 => 0.10 W + 0.10 C = 39. Subtracting: 0.05 C = 12.5 => C = 250. W = 140. Diff = 110.	10% of 390 = 39. Extra 5% C = 51.5 - 39 = 12.5 => C = 250. W=140. Diff=110.	40	Source::AbhasSaini
Two horses were bought at Rs 1600. First was sold at 10% profit and second at 20% profit. If first were sold at 20% profit and second at 10% profit he would get Rs 5 more. Find the difference between the cost price of both the horses.<br><br>(a) Rs.50<br>(b) Rs. 40<br>(c) Rs. 25<br>(d) Rs. 75	Rs.50	P2 - P1 = 5 => 0.1 H1 - 0.1 H2 = 5 => H1 - H2 = 50.	0.1(H1 - H2) = 5 => H1 - H2 = 50.	40	Source::AbhasSaini
Rahul sells a pen at 5% loss and a book at 15% profit, he gets Rs.7 as a profit. if he sells the pen at 5% profit and the book at 10% profit he gets Rs.6 more. The cost prices of book and pen respectively are ?<br><br>(a) Rs. 100, Rs. 80<br>(b) Rs. 70, Rs. 90<br>(c) Rs. 70, Rs. 110<br>(d) Rs. 80, Rs. 100	Rs. 80, Rs. 100	-0.05 P + 0.15 B = 7. 0.05 P + 0.10 B = 13. Add them: 0.25 B = 20 => B = 80. 0.05 P + 8 = 13 => P = 100.	Sum of eqns: 0.25 B = 20 => B = 80. 0.05 P + 8 = 13 => P = 100.	40	Source::AbhasSaini
A farmer sold a cow and a calf for Rs 760 and got a profit of 10% on the cow and 25% on the calf. If he sells the cow and the calf for Rs 767.50 and gets a profit of 25% on the cow and 10% on the calf, find the individual cost price of the cow and the calf.<br><br>(a) 300<br>(b) 320<br>(c) 340<br>(d) 360	300	1.10 Cow + 1.25 Calf = 760. 1.25 Cow + 1.10 Calf = 767.50. Sum: 2.35(Cow+Calf) = 1527.5 => Cow+Calf=650. Diff: 0.15(Cow-Calf)=7.5 => Cow-Calf=50. Cow=350, Calf=300.	Cow+Calf = 1527.5/2.35 = 650. Cow-Calf = 7.5/0.15 = 50. Calf = 300.	40	Source::AbhasSaini
A person sells his table at a profit of 12½% and the chair at a loss of 8⅓% but on the whole he gains ₹25. On the other hand if he sells the table at a loss of 8⅓% and the chair at a profit of 12½% then he neither gains nor loses. Find the cost price of the table.<br><br>(a) 360<br>(b) 380<br>(c) 400<br>(d) 250	360	Case 2: -1/12 T + 1/8 C = 0 => T/C = 3/2. T=3x, C=2x. Case 1: 1/8(3x) - 1/12(2x) = 25 => 5/24 x = 25 => x = 120. T = 360.	T/12 = C/8 => T/C = 3/2. T=3x, C=2x. 3x/8 - 2x/12 = 25 => x=120. T=360.	40	Source::AbhasSaini
A man bought a cow and a goat. He sold cow at 20% profit and goat at 10% loss and in this way he made neither profit nor loss. Had he sold the cow at 5% loss and goat at 5% profit. He would have earned 600 rupees. Find the cost price of cow and goat.<br><br>(a) 12000, 24000<br>(b) 12000, 18000<br>(c) 10000, 20000<br>(d) 18000, 36000	12000, 24000	0.20 C - 0.10 G = 0 => 2C = G. -0.05 C + 0.05 G = 600 => -C + G = 12000. -C + 2C = 12000 => C = 12000. G = 24000.	G = 2C. 0.05(G - C) = 600 => G - C = 12000 => C=12000, G=24000.	40	Source::AbhasSaini
A shopkeeper buy two article. He sold one article at a loss of 20% and second article at a profit of 25%. He makes no profit no loss on whole transaction. If he sold first article at 25% profit and second article sold at loss of 20% then he get profit of Rs 180 on whole transaction. Find the cost price of first article.<br><br>(a) 5000<br>(b) 2000<br>(c) 3000<br>(d) 2500	2000	-0.20 A1 + 0.25 A2 = 0 => 4 A1 = 5 A2 => A1=5x, A2=4x. 0.25(5x) - 0.20(4x) = 180 => 0.45x = 180 => x = 400. A1 = 2000.	A1/A2 = 5/4. 0.25(5x) - 0.20(4x) = 180 => 0.45x = 180 => x=400. A1=2000.	40	Source::AbhasSaini
Raju buys 75 articles at the same price each. He sells one-third of them at a profit of 40% and 20% of the remaining at a profit of 20%. He sells the remaining articles at a loss equal to the cost price of 7 articles. What is his gain/loss percent in the entire transaction?<br><br>(a) Loss, 6⅔%<br>(b) Gain, 6⅔%<br>(c) Gain, 8%<br>(d) Loss, 8%	Gain, 6⅔%	Let CP=10. Total=750. 25 items P=40%=4 => 100. 10 items P=20%=2 => 20. 40 items L=7 CP=70. Net profit=50. P% = 50/750 = 6.66%.	Profit = 25*0.4 + 10*0.2 - 7 = 5 CP units. Net P% = 5/75 = 6.66%.	40	Source::AbhasSaini
A person bought 20 kg of oranges at 64 kg, 25 kg of oranges at 56 kg and ₹35 kg of oranges at 60 kg. He mixed the three varieties. If he sells the whole lot at 68.75 kg, then his profit percentage is: (correct to the nearest integer)<br><br>(a) 18%<br>(b) 15%<br>(c) 12%<br>(d) 13%	15%	Total CP = 20*64 + 25*56 + 35*60 = 1280 + 1400 + 2100 = 4780. Total SP = 80 * 68.75 = 5500. Profit = 720. P% = 720/4780 = 15.06%.	CP = 4780, SP = 5500. Profit = 720. Profit% = 15%.	40	Source::AbhasSaini
A shopkeeper sells 1 kg of Oranges costing Rs22/kg to Each Anand and Sakshi at Rs25/kg. He sold 950gm to Anand instead of 1 kg and sold X gm to Sakshi instead of 1 kg by using defective weights. If He makes a total profit of Rs.7.76 by selling, then what is the value of X ??<br><br>1.980g<br>2.970 g<br>3.960 g<br>4.985g	2.970 g	Total SP = 25+25=50. Profit = 7.76. Total CP = 50 - 7.76 = 42.24. (950 + X)/1000 * 22 = 42.24 => 950 + X = 1920 => X = 970.	Total CP = 42.24. Weight = (42.24/22)*1000 = 1920g. X = 1920 - 950 = 970g.	40	Source::AbhasSaini
A shopkeeper sells 1kg of Product A costing Rs30/kg to Each Bunty and Babli at Rs33/kg. He sold X gm to Bunty instead of 1 kg and sold 950 gm to Babli instead of 1 kg by using defective weights. If He makes a total profit of Rs. 9.3 by selling, then what is the value of X ??<br><br>920<br>940<br>960<br>900	2.970 g	Total SP = 25+25=50. Profit = 7.76. Total CP = 50 - 7.76 = 42.24. (950 + X)/1000 * 22 = 42.24 => 950 + X = 1920 => X = 970.	Total CP = 42.24. Weight = (42.24/22)*1000 = 1920g. X = 1920 - 950 = 970g.	40	Source::AbhasSaini
A shopkeeper sells 1kg of Apple costing Rs30/kg to Each Neel and Nitin at RsX/kg. He sold 850 gm to Neel instead of 1 kg and sold 900 gm to Nitin instead of 1 kg by using defective weights. If He makes a total profit of Rs.27.5 by selling, then find at what value he sold the product.<br><br>35<br>40<br>45<br>42	40	Total SP = 2X. Total weight = 850 + 900 = 1750 gm = 1.75 kg. Total CP = 1.75 * 30 = 52.5. Profit = 2X - 52.5 = 27.5 => 2X = 80 => X = 40.	CP = 1.75 * 30 = 52.5. SP = 52.5 + 27.5 = 80. 2X = 80 => X = 40.	40	Source::AbhasSaini
Raghav went to a shopping mall to purchase clothes. He had two coupons with him, but only one can be used on a single day. Using the first coupon, a total discount of 30% could be obtained on the total amount. Using the second coupon, he will get 80% off on the price of the costliest shirt if he buys at least 3 shirts. What is the price at which Raghav can purchase 3 shirts at a minimum price if the prices of the three shirts are Rs.1,250, Rs.1,540 and Rs.1,375?<br><br>1. Rs.2,915.50<br>2. Rs.2,933<br>3. Rs.2,760<br>4. Rs.2,775	Rs.2,915.50	C1: 30% off total 4165 => 2915.5. C2: 80% off 1540 => Price = 1250 + 1375 + 308 = 2933. Min price = 2915.5.	C1 = 0.7 * 4165 = 2915.5. C2 = 1250 + 1375 + 0.2*1540 = 2933. Min = 2915.5.	40	Source::AbhasSaini
A seller earns 44% profit on an item after giving X% discount on the marked price. Had he offered 2X% discount, he would have gained 28%. How much percent the marked price is more than the cost price?<br><br>10<br>12.5<br>25<br>NOT	NOT	MP*(1-X) = 1.44 CP. MP*(1-2X) = 1.28 CP. Subtract: MP*X = 0.16 CP. MP - 0.16 CP = 1.44 CP => MP = 1.6 CP. Markup is 60%, not in options.	MP*X = 0.16 CP. MP = 1.44 CP + 0.16 CP = 1.6 CP. 60% markup.	40	Source::AbhasSaini
Two business men A and B buy gift articles for 1000 and 2000 respectively. A marks his article up by x% while b marks his article up by 2x% and after a discount of x%. If both make the same non zero profit. What is the value of x?<br><br>12.5<br>25<br>37.5<br>50	25	A P = 1000(x/100) = 10x. B P = 2000(1+2x/100)(1-x/100) - 2000 = 20x - 40x^2/100. 10x = 20x - 0.4x^2 => 0.4x^2 = 10x => x = 25.	10x = 20x - 0.4x^2 => x = 25.	40	Source::AbhasSaini
Two Businessmen A and B buy gift for Rupees 300 and 500. A markup his gift by 2x% while B markup his gift by 2x% and then discount it by x% then they make the profit in the ratio 3:2. what is the value of x?<br><br>12.5<br>15<br>17.5<br>10	10	A P = 6x. B P = 5x - x^2/10. Ratio: 6x / (5x - x^2/10) = 3/2. 12x = 15x - 0.3x^2 => 0.3x^2 = 3x => x = 10.	6x / (5x - 0.1x^2) = 3/2 => x = 10.	40	Source::AbhasSaini
The owner of an art shop conducts his business in the following manner: Every once in a while he raises his prices by X%, then a while later he reduces all the new prices by X%. After one such up-down cycle, the price of a painting decreased by Rs. 400. After a second up-down cycle the painting was decreases by 396.find x ?<br><br>10<br>12.5<br>16.66<br>25	10	k = x^2/10000. P*k = 400. P(1-k)*k = 396 => 400(1-k) = 396 => 1-k = 0.99 => k = 0.01. x^2/10000 = 0.01 => x = 10.	400(1-k) = 396 => k=0.01 => x=10.	40	Source::AbhasSaini
At the beginning of a year, the owner of a jewel shop raised the price by x% and reduced by x%. The price of one jewel after this up and down cycle reduced by Rs 100. The owner carried out the same procedure after a month. After this second up down cycle, the price of that jewel was 2304? Find the original price?<br><br>2000<br>2500<br>2256.25<br>2756.25	2500	P*k = 100. (P-100)(1-k) = 2304 => (P-100)(1 - 100/P) = 2304 => (P-100)^2 / P = 2304. P^2 - 2504P + 10000 = 0. P = 2500.	(P-100)^2 / P = 2304 => P = 2500.	40	Source::AbhasSaini
The owner of an art shop conducts his business in the following manner: Every once in a while he raises his prices by X%, then a while later he reduces all the new prices by X%. After one such up-down cycle, the price of a painting decreased by Rs. 100 . After a second up-down cycle the painting was sold for Rs. 441 . What was the original price of the painting?<br><br>600<br>625<br>650<br>675	625	P*k = 100. (P-100)(1 - 100/P) = 441 => (P-100)^2 / P = 441. P^2 - 641P + 10000 = 0. P = 625.	(P-100)^2 / P = 441 => P = 625.	40	Source::AbhasSaini
The owner of an art shop conducts his business in the following manner. Every once in a while he raises his prices by X%, then a while later he reduces all the new prices by X%. After one such up-down cycle, the price of a painting decreased by Rs.441. After a second up-down cycle, the painting was sold for Rs.1944.811. What was the original price of the painting (in Rs)?<br><br>2000<br>2500<br>2256.25<br>2756.25	2756.25	(P-441)^2 / P = 1944.81. P^2 - 2826.81 P + 194481 = 0 => P = 2756.25.	(P-441)^2 / P = 1944.81 => P = 2756.25.	40	Source::AbhasSaini
Profit after selling an article for Rs 2729.45 is 28.57% more than the loss incurred when it is sold for Rs 1129.45 ? Find the cost price?<br><br>1829.45<br>1845.45<br>1729.45<br>2029.45	1829.45	28.57% = 2/7. Profit = 9/7 Loss. (2729.45 - CP) = 9/7 (CP - 1129.45). 19106.15 - 7 CP = 9 CP - 10165.05. 16 CP = 29271.2 => CP = 1829.45.	7(2729.45 - CP) = 9(CP - 1129.45) => CP = 1829.45.	40	Source::AbhasSaini
By selling an article for ₹390, a shopkeeper suffers some loss. Had he sold it for ₹444, he would have earned a profit equal to one-fifth of the loss he had in the earlier case. If he sells it for ₹522, what will be his profit percentage?<br><br>(a) 20%<br>(b) 15%<br>(c) 12.5%<br>(d) 18.5%	20%	444 - CP = 1/5 (CP - 390). 2220 - 5 CP = CP - 390 => 6 CP = 2610 => CP = 435. SP = 522. Profit = 87 => Profit% = 87/435 = 20%.	444 - CP = 0.2(CP - 390) => CP=435. SP=522. P% = 87/435 = 20%.	40	Source::AbhasSaini
A stationery shop owner makes a profit of 25% by selling a set of books. He then increases the selling price by Rs. 5 and now makes a profit of 45%. The previous selling price of the book set was?<br><br>A. 32.15<br>B. 31.25<br>C. 34<br>D. 32.25	31.25	SP1 = 1.25 CP, SP2 = 1.45 CP. SP2 - SP1 = 0.20 CP = 5 => CP = 25. SP1 = 1.25 * 25 = 31.25.	0.20 CP = 5 => CP = 25. SP1 = 31.25.	40	Source::AbhasSaini
A book seller sells a book at a profit of 10% if he had bought is at 4% less and sold it for Rs 6 more he would have gain 18¾%. Find the cost price of book?<br><br>120<br>135<br>150<br>165	150	SP1 = 1.10 CP. New CP = 0.96 CP. New SP = 1.1875 * 0.96 CP = 1.14 CP. New SP - SP1 = 0.04 CP = 6 => CP = 150.	0.04 CP = 6 => CP = 150.	40	Source::AbhasSaini
The marked price of an article is 60% above its cost price and the cost price is ₹750. It is sold for ₹710.40, after giving two successive discounts of 20% and x%. If a single discount of 1.5x% is given on the same marked price, then his loss percentage will be:<br><br>(a) 3.5%<br>(b) 4%<br>(c) 3%<br>(d) 2.0%	2.4%	CP=750, MP=1200. SP=1200*0.8*(1-x/100)=710.4 => 1-x/100 = 0.74 => x=26. Single disc = 1.5*26 = 39%. New SP = 1200*0.61=732. Loss = 18 => Loss% = 18/750 = 2.4%.	1200*0.8*(1-x) = 710.4 => x=26%. 1200*(1-0.39) = 732. Loss% = 2.4%.	40	Source::AbhasSaini
The marked price of an article is ₹750. It is sold for ₹634.80, after giving two successive discounts each of x% on the marked price. The cost price of the article is 20% less than its marked price. If the article is sold after giving a single discount of 2x% on the same marked price, then what is the gain percentage?<br><br>(a) 6%<br>(b) 8%<br>(c) 5%<br>(d) 10%	5%	CP = 750 * 0.8 = 600. SP = 750 * (1 - x/100)^2 = 634.80. (1 - x/100)^2 = 0.8464 => x = 8. Disc = 16%. New SP = 750 * 0.84 = 630. Gain = 30 => Gain% = 5%.	750(1-x)^2 = 634.8 => x=8%. SP = 750(0.84) = 630. CP=600. Gain = 5%.	40	Source::AbhasSaini
A shopkeeper allows 16% discount on every item. Even after giving the discount, he makes a profit of 8%. If he gives 8% discount instead of 16% on an item marked for ₹1800, then what will be his profit percent? (correct to 2 decimal places):<br><br>(a) 19<br>(b) 18.31<br>(c) 18<br>(d) 18.29	18.29	MP = 1800. SP1 = 1800 * 0.84 = 1512. CP = 1512 / 1.08 = 1400. SP2 = 1800 * 0.92 = 1656. Profit = 256. Profit% = 256 / 1400 = 18.285%.	CP = 1800*0.84/1.08 = 1400. SP2 = 1800*0.92 = 1656. P% = 256/1400 = 18.29%.	40	Source::AbhasSaini
At item cost Rs. 400. During a festival sale a company after a sale discount that offers x% off on its regular price along with a discount coupon of 10%. The price of the item after using both the sale discount and the discount coupon, is Rs. 216. What is the value of x?<br><br>(a) 40<br>(b) 35<br>(c) 30<br>(d) 25	40	400 * (1 - x/100) * 0.9 = 216 => 360 * (1 - x/100) = 216 => 1 - x/100 = 0.6 => x = 40.	360(1 - x) = 216 => x = 40%.	40	Source::AbhasSaini
A ₹1000 box of cookies is offered at 10% discount and a ₹400 bar of chocolate is offered at 8% discount. If we buy 2 boxes of cookies and 3 bars of chocolate. What is the effective discount we get (in%)<br><br>(a) 9 %<br>(b) 9.25%<br>(c) 8.75 %<br>(d) 8.5 %	9.25%	Total MP = 2*1000 + 3*400 = 3200. Total Discount = 200 + 96 = 296. Effective discount% = 296 / 3200 = 9.25%.	Disc = 296. Total MP = 3200. D% = 296/3200 = 9.25%.	40	Source::AbhasSaini
A ₹750 tin of cheese is offered at 8% discount and a ₹1,250 tin of butter at 20% discount. If we buy 5 tins of cheese and 3 tins of butter, what is the effective discount we get (in %)?<br><br>(a) 12%<br>(b) 15%<br>(c) 14%<br>(d) 16%	14%	Cheese MP = 3750, Butter MP = 3750. Total MP = 7500. Disc = 300 + 750 = 1050. Effective disc% = 1050/7500 = 14%.	Avg of 8% and 20% on equal amounts = 14%.	40	Source::AbhasSaini
Amit and Bilal buy goods for ₹1,500 and ₹2,000, respectively. Amit marks his goods up by y%, while Bilal marks his goods up by 2y% and offers a discount of y%. If both make the same profit, then find the value of y.<br><br>(a) 12<br>(b) 10.5<br>(c) 11.5<br>(d) 12.5	12.5	Amit P = 15y. Bilal P = 2000[(1+2y/100)(1-y/100) - 1] = 20y - 0.4y^2. 15y = 20y - 0.4y^2 => 0.4y^2 = 5y => y = 12.5.	15y = 20y - 0.4y^2 => 0.4y = 5 => y = 12.5.	40	Source::AbhasSaini
The marked price of mustard oil is 10% more than its cost price. At what percentage less than the marked price should it be sold, to have no profit and no loss.<br><br>(a) 9 3/11%<br>(b) 9 4/11%<br>(c) 9 1/11%<br>(d) 9 2/11%	9 1/11%	MP = 1.1 CP. Target SP = CP. Discount = 0.1 CP. Discount% = (0.1 / 1.1) * 100 = 9 1/11%.	MP = 1.1 CP. D% = 0.1/1.1 = 9.09%.	40	Source::AbhasSaini
An article was marked at ₹x and sold at a discount of (x–40)%. If the customer paid ₹(x-32), then find the marked price of the article.<br><br>(a) 50<br>(b) 75<br>(c) 80<br>(d) 60	80	MP = x. SP = x * (1 - (x-40)/100) = x - 32. 140x - x^2 = 100x - 3200 => x^2 - 40x - 3200 = 0 => (x-80)(x+40) = 0 => x = 80.	x(140-x)/100 = x-32 => x^2 - 40x - 3200 = 0 => x=80.	40	Source::AbhasSaini
A shopkeeper is incurring a loss of cost price of 4 pens while selling 20 pens to Ajay. If the shopkeeper had purchased 20 pens at 10% less price and had sold 20 pens to Ajay at 25% more than the selling price, then how much percentage would he have gained (rounded off to 1 decimal place)?<br><br>(a) 8.0<br>(b) 11.1<br>(c) 10.0<br>(d) 12.5	11.1	Loss = 4 CP => 20 SP = 16 CP => SP = 0.8 CP. New CP of 20 = 20(0.9 CP) = 18 CP. New SP of 20 = 1.25(20 SP) = 1.25(16 CP) = 20 CP. Profit = 2 CP. Profit% = 2/18 = 11.11%.	New CP = 18, New SP = 20. Profit% = 2/18 = 11.1%.	40	Source::AbhasSaini
Sachin purchases a watch from a dealer at some price and sells it at 20% profit. The next day he purchases the same watch and marks up the price by 75% and offers a discount of 30%. What is the change in the percentage in the profit that Sachin receives on day 2?<br><br>(a) 17%<br>(b) 12.5%<br>(c) 20%<br>(d) 22.5%	12.5%	Day 1 P = 20%. Day 2 MP = 1.75 CP, SP = 1.75*0.7 = 1.225 CP => P = 22.5%. Change in % profit = (22.5 - 20)/20 = 12.5%.	P1 = 20%. P2 = 22.5%. % Change = 2.5/20 = 12.5%.	40	Source::AbhasSaini
To clear a stock of items, a seller gives an 8% discount on the marked price. He spends ₹x on the promotion of the discount offer. His total cost of the items is ₹2,50,000 and the marked price is 10% more than the cost price. Finally, he earns no profit or no loss. What is the value of x?<br><br>(a) 3000<br>(b) 6000<br>(c) 4500<br>(d) 7500	3000	CP = 250000. MP = 275000. SP = 275000 * 0.92 = 253000. SP = Total Cost => 253000 = 250000 + x => x = 3000.	SP = 275000 * 0.92 = 253000. x = 253000 - 250000 = 3000.	40	Source::AbhasSaini
An article is sold at 25 percent loss. If its cost price is doubled and selling price is increased by Rs. 660, then there is a profit of 20 percent. What is the original cost price of the article?<br><br>(a) 400<br>(b) 360<br>(c) 480<br>(d) 500	400	SP1 = 0.75 CP. New CP = 2 CP. New SP = 0.75 CP + 660. 20% profit on new CP => New SP = 1.2 * 2 CP = 2.4 CP. 2.4 CP = 0.75 CP + 660 => 1.65 CP = 660 => CP = 400.	2.4 CP = 0.75 CP + 660 => CP = 400.	40	Source::AbhasSaini
An article is sold at a profit of 30%. If both cost price and selling price of the article are decreased by ₹100, the profit now would be 45%. The original cost price of the article is:<br><br>(a) 400<br>(b) 250<br>(c) 300<br>(d) 500	300	SP = 1.3 CP. New CP = CP - 100. New SP = 1.3 CP - 100. New profit = 45% => New SP = 1.45 (CP - 100). 1.3 CP - 100 = 1.45 CP - 145 => 0.15 CP = 45 => CP = 300.	1.3 CP - 100 = 1.45(CP - 100) => CP = 300.	40	Source::AbhasSaini
The marked price of a washing machine is ₹7,200. If it is sold for ₹5512.50, after two successive discounts of x% each. The value of x is:<br><br>(a) 12<br>(b) 10.5<br>(c) 12.5<br>(d) 15	12.5	7200(1 - x/100)^2 = 5512.5 => (1 - x/100)^2 = 55125 / 72000 = 49 / 64. 1 - x/100 = 7/8 => x = 12.5.	(1-x%)^2 = 49/64 => 1-x% = 7/8 => x = 12.5.	40	Source::AbhasSaini
The marked price of an article is ₹530. After two successive discounts, it is sold for ₹396.44. If the first discount is 15%, and the second discount is x%, then what is the value of x?<br><br>(a) 12.5<br>(b) 10<br>(c) 10.5<br>(d) 12	12	530 * 0.85 * (1 - x/100) = 396.44 => 450.5 * (1 - x/100) = 396.44 => 1 - x/100 = 0.88 => x = 12.	450.5(1-x%) = 396.44 => 1-x% = 0.88 => x=12.	40	Source::AbhasSaini
The marked price of an article is Rs 800. It is sold for Rs 538.56, after offering three successive discounts of 10%, x% and 12%. If a single discount of 2x% is given on the marked price, then the selling price (in Rs) of the article will be?<br><br>(a) 576<br>(b) 544<br>(c) 512<br>(d) 560	560	800 * 0.9 * (1 - x/100) * 0.88 = 538.56 => 633.6 * (1 - x/100) = 538.56 => x = 15. Single discount of 30% => SP = 800 * 0.7 = 560.	633.6(1-x%) = 538.56 => x=15. New SP = 800*0.7 = 560.	40	Source::AbhasSaini
A shopkeeper sells, by mistake, an article at 32% less than its original selling price and finds that he gets Rs 67.20 less when compared to the original selling price. If he gets a profit of 40% by selling the article at its original selling price, then what is the cost price of the article?<br><br>(a) Rs 150<br>(b) Rs 125<br>(c) Rs 180<br>(d) Rs 160	Rs 150	0.32 SP_orig = 67.20 => SP_orig = 210. Profit = 40% => 1.4 CP = 210 => CP = 150.	SP_orig = 67.2/0.32 = 210. CP = 210/1.4 = 150.	40	Source::AbhasSaini
Aditya sold article X at a profit of 23% and article Y at a loss of 13%. He earned a profit of Rs.180 in the entire transaction. If article X costs Rs.90 less than article Y, then what is the price of article Y (in Rs.)?<br><br>(a) 2,007<br>(b) 2,050<br>(c) 2,100<br>(d) 2,020	2,007	0.23 X - 0.13 Y = 180. X = Y - 90 => 0.23(Y - 90) - 0.13 Y = 180 => 0.1 Y = 200.7 => Y = 2007.	0.23(Y - 90) - 0.13 Y = 180 => 0.1 Y = 200.7 => Y = 2007.	40	Source::AbhasSaini
The profit made by selling an article for ₹13,400 is equal to the amount of loss incurred on selling the same article at ₹11,600. What will be the profit (in ₹) if it is sold for ₹14,750?<br><br>(a) 2,000<br>(b) 2,520<br>(c) 2,500<br>(d) 2,250	2,250	13400 - CP = CP - 11600 => 2 CP = 25000 => CP = 12500. SP = 14750. Profit = 14750 - 12500 = 2250.	CP = (13400 + 11600)/2 = 12500. Profit = 2250.	40	Source::AbhasSaini
The profit made by selling an article for ₹8,800 is equal to the amount of loss incurred on selling the same article for ₹7,200. What will be the profit percent, if it was sold for ₹9,600?<br><br>(a) 20%<br>(b) 18%<br>(c) 25%<br>(d) 15%	20%	8800 - CP = CP - 7200 => 2 CP = 16000 => CP = 8000. SP = 9600. Profit = 1600. Profit% = 1600 / 8000 = 20%.	CP = (8800+7200)/2 = 8000. P% = 1600/8000 = 20%.	40	Source::AbhasSaini
Oil equal to 20% of the weight of groundnut is extracted in a mill. The matter left after extraction is sold as cattle feed at the rate of ₹12.5/kg. The groundnuts are bought at ₹20/kg. The processing cost is ₹5/kg. At what price (₹ per kg) should the oil be sold to earn 20% profit on total costs (Total cost = Cost of groundnuts and Processing costs)?<br><br>(a) 250<br>(b) 150<br>(c) 200<br>(d) 100	100	For 100kg: CP = 2500. Target SP = 3000. Matter SP = 80 * 12.5 = 1000. Oil SP needed = 2000 for 20kg. Rate = 100/kg.	Total Cost = 25/kg. Target = 30. Leftover SP = 10. Oil SP = 20 for 0.2kg => 100/kg.	40	Source::AbhasSaini
A trader gives 5% discount on the marked price of an article and gives 4 articles free for buying 14 articles and gains 33% in the entire transaction. Assuming a customer pays for 14 articles, the marked price of an article is what per cent more than its cost price?<br><br>(a) 79<br>(b) 80<br>(c) 81<br>(d) 90	80	SP = 14 * MP * 0.95 = 13.3 MP. Total CP = 18 CP. 13.3 MP = 1.33 * 18 CP => 10 MP = 18 CP => MP/CP = 1.8. 80% markup.	13.3 MP = 1.33 * 18 CP => MP/CP = 1.8 => 80%.	40	Source::AbhasSaini
Ramanna purchased raw materials for a certain price to manufacture a product. However, owing to shortage of labour, 22.5% of the raw materials could not be utilised and got wasted. 80% of the cost of raw materials used was added as the cost of manufacturing. If Ramanna could sell his product at a price to earn an overall profit of 20% after offering a discount of 20%, how many times of the total cost of the raw materials purchased was the marked price of the product?<br><br>(a) 2.42 times<br>(b) 2.44 times<br>(c) 2.43 times<br>(d) 2.40 times	2.43 times	Total RM = 100. Used RM = 77.5. Mfg = 62. Total CP = 162. SP = 162 * 1.2 = 194.4. MP * 0.8 = 194.4 => MP = 243. Ratio = 243/100 = 2.43.	CP = 100 + 0.8*77.5 = 162. MP = 162*1.2/0.8 = 243 => 2.43 times.	40	Source::AbhasSaini
A sells an item at 20% profit to B, B sells the same at 10% profit to C and receives ₹1,32,000.0 Had C purchased the same item from A, he would have spent 5% less than what he spent with B. What profit would A have made then?<br><br>(a) ₹24,540<br>(b) ₹25, 540<br>(c) ₹24,450<br>(d) ₹25,400	₹25,400	B's SP = 132000 => B's CP = A's SP = 120000. A's CP = 100000. C buys direct for 0.95 * 132000 = 125400. A's profit = 125400 - 100000 = 25400.	A's CP = 100k. C pays 125.4k. Profit = 25.4k.	40	Source::AbhasSaini
A sells an article to B at a gain of 16%. B sells it to C at a loss of 15% and C sells it to D at a gain of 20%. If the difference between the profits earned by C and A is Rs. 248, then the loss (in Rs.) incurred by B is:<br><br>(a) 1160<br>(b) 1025<br>(c) 1250<br>(d) 1075	1160	A's CP=100x. A's P=16x. B's CP=116x. B's L=17.4x. C's CP=98.6x. C's P=19.72x. 19.72x - 16x = 3.72x = 248 => x = 200/3. B's L = 17.4 * 200/3 = 1160.	Diff in P = 3.72x = 248 => x = 66.66. B loss = 17.4x = 1160.	40	Source::AbhasSaini
A sells an article to B at a loss of 20%, B sells it to C at a profit of 12.5% and C sells it to D at a loss of 8%. If D buys it for ₹248.40, then what is the difference between the loss incurred by A and C?<br><br>(a) 36.80<br>(b) 38.40<br>(c) 42.60<br>(d) 39.20	38.40	A's CP=100x. L_A=20x. B's SP=90x. C's L_C=7.2x. D pays 82.8x=248.4 => x=3. Diff L = 12.8x = 12.8*3 = 38.4.	D pays 82.8x = 248.4 => x=3. L_A - L_C = 12.8x = 38.4.	40	Source::AbhasSaini
A sells a watch to B at a profit of 33% and B sells it to C at a loss of 20%. If C pays ₹532, then what was the cost price for A?<br><br>(a) ₹500<br>(b) ₹800<br>(c) ₹400<br>(d) ₹600	₹500	A's CP * 1.33 * 0.8 = 532 => CP * 1.064 = 532 => CP = 500.	CP = 532 / (1.33 * 0.8) = 500.	40	Source::AbhasSaini
Cost of 4 pens, 6 note books and 9 files is ₹305. Cost of 3 pens, 4 notebooks and 2 files is ₹145. What is the cost (in Rs) of 5 pens, 8 notebooks and 16 files?<br><br>(a) 415<br>(b) 465<br>(c) 440<br>(d) Cannot be determined	465	Eq1: 4P+6N+9F = 305. Eq2: 3P+4N+2F = 145. 2*Eq1 - Eq2 = 8P+12N+18F - (3P+4N+2F) = 5P+8N+16F = 2*305 - 145 = 465.	2*(Eq1) - Eq2 = 5P + 8N + 16F = 610 - 145 = 465.	40	Source::AbhasSaini
If 3 notebooks and 5 pens together cost ₹155 while 8 pens and 5 pencils together cost ₹188 and 5 notebooks and 3 pencils cost ₹161, then the cost (in ₹) of 1 notebook, 1 pen and 1 pencil is:<br><br>(a) 45<br>(b) 53<br>(c) 48<br>(d) 59	53	3N+5P=155. 8P+5C=188. 5N+3C=161. Solved: P=16, C=12, N=25. N+P+C = 53.	P=16, C=12, N=25. Sum = 53.	40	Source::AbhasSaini
2 biscuits and 1 chocolate cost ₹69. 2 chocolates and 3 cups of coffee cost ₹127. 3 biscuits, 4 chocolates and 2 cups of coffee cost ₹229. Find the total cost (in ₹) of 5 biscuits, 5 chocolates and 5 cups of coffee.<br><br>(a) 345<br>(b) 375<br>(c) 304<br>(d) 355	355	2B+1C=69. 2C+3K=127. 3B+4C+2K=229. Solving gives B=17, K=19, C=35. 5(B+C+K) = 5(71) = 355.	B=17, C=35, K=19. 5*(71) = 355.	40	Source::AbhasSaini
B purchased 15 kg apples at the rate of ₹180 per kg from a whole seller who uses a weight of 950 grams for the kg weight. B sold all these apples at ₹180 per kg but used a weight of 750 grams for the kg weight. Fid the percentage profit earned by B in the transaction, Correct to 2 places of decimal)<br><br>(a) 33.33%<br>(b) 26.67%<br>(c) 22.55%<br>(d) 25.75%	26.67%	CP of 1g = 180/950. SP of 1g = 180/750. Profit% = ( (180/750) / (180/950) - 1 ) * 100 = (95/75 - 1)*100 = 20/75*100 = 26.67%.	Profit% = (950/750 - 1) = 20/75 = 26.67%.	40	Source::AbhasSaini
An oil merchant wants to make a minimum profit of ₹2,100 by selling 50 litres of oil he purchased at ₹236 per litre. For this, he adds a few litres of duplicate oil whose cost price is ₹180 per litre and sells at ₹250 per litre. How many litres of duplicate oil is needed for this purpose?<br><br>(a) 16 litres<br>(b) 18 litres<br>(c) 22 litres<br>(d) 20 litres	20 litres	Total SP - Total CP = 2100. (50+x)*250 - (11800 + 180x) = 2100 => 700 + 70x = 2100 => x = 20.	Profit = 700 + 70x = 2100 => 70x = 1400 => x=20.	40	Source::AbhasSaini
A tailor buys lining clothes from a wholesale merchant and cheats him by using a measurement tape which is 5 cm longer than the normal tape. The tailor offers the customers at cost price while stitching different garments and uses measurements tape which is 5 cm shorter than the normal tape. The gain percent is:<br><br>(a) 10%<br>(b) 15%<br>(c) 10 10/25%<br>(d) 10 10/19%	10 10/19%	Buys 105cm for 100 units. Sells 95cm for 100 units. CP of 1cm = 100/105. SP of 1cm = 100/95. Profit = 100/95 - 100/105. Profit% = ((100/95 - 100/105) / (100/105)) * 100 = 200/19 = 10 10/19%.	SP/CP = 105/95 = 21/19. Profit = 2/19 = 200/19 % = 10 10/19%.	40	Source::AbhasSaini
During the lockdown, a state government gives 4.5 kg of rice to each person of a family at a cost price of ₹40 per kg. But the distributor uses false weight of 3.75 kg instead of 4.5 kg and distributes the rice. The accumulated rice was sold in the black market at double the price. He showed the government that he distributed 2700 kg of rice. When caught, he was made to pay a fine of 125% of what he earned in the black market. What was his fine amount?<br><br>(a) ₹54,000<br>(b) ₹45,000<br>(c) ₹28,000<br>(d) ₹36,000	₹45,000	No of people = 2700 / 4.5 = 600. Actual rice given = 600 * 3.75 = 2250 kg. Accumulated rice = 2700 - 2250 = 450 kg. Black market price = 2 * 40 = 80 Rs/kg. Earned = 450 * 80 = 36000. Fine = 125% of 36000 = 45000.	Saved per person = 4.5 - 3.75 = 0.75 kg. Total saved = (2700/4.5) * 0.75 = 450 kg. Black market earning = 450 * 80 = 36000. Fine = 1.25 * 36000 = 45000.	40	Source::AbhasSaini
A shopkeeper has a fault of 100 g in a 3 kg weight. He sold 3 kg of potatoes to Charu using the same faulty weight for ₹46. The cost price of the potatoes for the seller was ₹12 per kg. How much profit (in ₹) did he earn on the potatoes?<br><br>(a) 10.2<br>(b) 10<br>(c) 11.6<br>(d) 11.2	11.2	Actual weight given = 3 - 0.1 = 2.9 kg. Total CP = 2.9 * 12 = 34.8. SP = 46. Profit = 46 - 34.8 = 11.2.	Actual weight = 2.9 kg. CP = 2.9 * 12 = 34.8. Profit = 46 - 34.8 = 11.2.	40	Source::AbhasSaini
A merchant purchases a cloth at a rate of Rs.100 per meter and receives 5 cm length of cloth free for every 100 cm length of cloth purchased by him. He sells the same cloth at a rate of Rs.110 per meter but cheats his customers by giving 95 cm length of cloth for every 100 cm length of cloth purchased by the customers. If the merchant provides a 5% discount, the resulting profit earned by him is<br><br>(a) 15.5%<br>(b) 9.7<br>(c) 4.2<br>(d) 16	15.5%	CP of 105 cm = 100. CP per cm = 100/105. SP for 100 cm = 110. Discount = 5% => discounted SP = 104.5 for 100 cm. But gives 95 cm, so SP of 95 cm = 104.5. SP per cm = 104.5/95 = 1.1. SP/CP = 1.1 / (100/105) = 1.1 * 1.05 = 1.155. Profit = 15.5%.	Net SP/CP multiplier = (105/100) * (110/100) * 0.95 * (100/95) = 1.05 * 1.1 = 1.155 = 15.5%.	40	Source::AbhasSaini
A faulty weighing machine reads 1 kg when 900 gm is actually weighted on it. The shopkeeper marked the price of his goods by 10%, but unfortunately, he was caught by the metrology department and then they ordered him to repair his weighing machine and gave punishment to sell the goods at a 10% discount on cost price for a month. If each customer is now paying 20 for 1 kg, then before the raid same quantity. (Rounded off to two places of decimal) amount they have paid for the same quantity. (Rounded off to two places of decimal)<br><br>(a) 27.16<br>(b) 27.04<br>(c) 28.05<br>(d) 28.15	27.16	After raid: SP = 90% of CP. 0.9 * CP = 20 => CP = 200/9 per kg. Before raid: MP = 1.1 * CP = 220/9 per kg (according to machine). Machine reads 1000g for 900g actual. To get 1kg actual, machine reading = 1000/900 * 1kg = 10/9 kg. Amount paid = (220/9) * (10/9) = 2200/81 = 27.16.	New SP = 0.9 CP = 20. Old SP for 1kg actual = 1.1 CP * (1000/900) = 1.1 * (20/0.9) * 10/9 = 2200/81 = 27.16.	40	Source::AbhasSaini
